,0,1,2,3,4,5,6,7,8,9,10,11,12,13,14,15,16,17,18,19,20,21,22,23,24,25,26,27,28,29,30,31,32,33,34,35,36,37,38,39,40,41,42,43,44,45,46,47,48,49,50,51,52,53,54,55,56,57,58,59,60,61,62,63,64,65,66,67,68,69,70,71,72,73,74,75,76,77,78,79,80,81,82,83,84,85,86,87,88,89,90,91,92,93,94,95,96,97,98,99,100,101,102,103,104,105,106,107,108,109,110,111,112,113,114,115,116,117,118,119,120,121,122,123,124,125,126,127,128,129,130,131,132,133,134,135,136,137,138,139,140,141,142,143,144,145,146,147,148,149,150,151,152,153,154,155,156,157,158,159,160,161,162,163,164,165,166,167,168,169,170,171,172,173,174,175,176,177,178,179,180,181,182,183,184,185,186,187,188,189,190,191,192,193,194,195,196,197,198,199,200,201,202,203,204,205,206,207,208,209,210,211,212,213,214,215,216,217,218,219,220,221,222,223,224,225,226,227,228
SOH,1,0.9999997,0.999999,0.9999977,0.9999959,0.9999937,0.9999909,0.999988,0.999984,0.99998,0.999975,0.99997,0.999964,0.999958,0.999951,0.999944,0.999936,0.999928,0.999919,0.99991,0.9999,0.99989,0.999879,0.999868,0.999856,0.999844,0.999831,0.999818,0.999804,0.99979,0.999775,0.99976,0.999744,0.999728,0.999711,0.999694,0.999676,0.999658,0.999639,0.99962,0.9996,0.99958,0.999559,0.999538,0.999516,0.999494,0.999471,0.999448,0.999424,0.9994,0.999375,0.999324,0.999271,0.999216,0.999159,0.9991,0.999039,0.998976,0.998911,0.998844,0.998775,0.998704,0.998631,0.998556,0.998479,0.9984,0.998319,0.998236,0.998151,0.998064,0.997975,0.997884,0.997791,0.997696,0.997599,0.9975,0.997399,0.997296,0.997191,0.997084,0.996975,0.996864,0.996751,0.996636,0.996519,0.9964,0.996156,0.995904,0.995644,0.995376,0.9951,0.994816,0.994524,0.994224,0.993916,0.9936,0.993276,0.992944,0.992604,0.992256,0.9919,0.991536,0.991164,0.990784,0.990396,0.99,0.989596,0.989184,0.988764,0.988336,0.9879,0.987456,0.987004,0.986544,0.986076,0.9856,0.985116,0.984624,0.984124,0.983616,0.9831,0.982576,0.982044,0.981504,0.980956,0.9804,0.978975,0.9775,0.975975,0.9744,0.972775,0.9711,0.969375,0.9676,0.965775,0.9639,0.961975,0.96,0.957975,0.9559,0.953775,0.9516,0.949375,0.9471,0.944775,0.9424,0.939975,0.9375,0.934975,0.9324,0.929775,0.9271,0.924375,0.9216,0.918775,0.9159,0.912975,0.91,0.9039,0.8976,0.8911,0.8844,0.8775,0.8704,0.8631,0.8556,0.8479,0.84,0.8319,0.8236,0.8151,0.8064,0.7975,0.7884,0.7791,0.7696,0.7599,0.75,0.7399,0.7296,0.7191,0.7084,0.6975,0.6864,0.6751,0.6636,0.6519,0.64,0.6279,0.6156,0.6031,0.5904,0.5775,0.5644,0.5511,0.5376,0.5239,0.51,0.4959,0.4816,0.4671,0.4524,0.4375,0.4224,0.4071,0.3916,0.3759,0.36,0.3439,0.3276,0.3111,0.2944,0.2775,0.2604,0.2431,0.2256,0.2079,0.19,0.1719,0.1536,0.1351,0.1164,0.0975,0.0784,0.0591,0.0396,0.0199,0.009975,0
SOH_lower_limit,0.9999999,0.9999994,0.9999984,0.9999969,0.9999949,0.9999924,0.999989,0.999986,0.999982,0.999977,0.999972,0.999967,0.999961,0.999954,0.999947,0.99994,0.999932,0.999923,0.999914,0.999905,0.999895,0.999884,0.999873,0.999862,0.99985,0.999837,0.999824,0.999811,0.999797,0.999782,0.999767,0.999752,0.999736,0.999719,0.999702,0.999685,0.999667,0.999648,0.999629,0.99961,0.99959,0.999569,0.999548,0.999527,0.999505,0.999482,0.999459,0.999436,0.999412,0.999387,0.99935,0.999298,0.999244,0.999188,0.99913,0.99907,0.999008,0.998944,0.998878,0.99881,0.99874,0.998668,0.998594,0.998518,0.99844,0.99836,0.998278,0.998194,0.998108,0.99802,0.99793,0.997838,0.997744,0.997648,0.99755,0.99745,0.997348,0.997244,0.997138,0.99703,0.99692,0.996808,0.996694,0.996578,0.99646,0.996279,0.996031,0.995775,0.995511,0.995239,0.994959,0.994671,0.994375,0.994071,0.993759,0.993439,0.993111,0.992775,0.992431,0.992079,0.991719,0.991351,0.990975,0.990591,0.990199,0.989799,0.989391,0.988975,0.988551,0.988119,0.987679,0.987231,0.986775,0.986311,0.985839,0.985359,0.984871,0.984375,0.983871,0.983359,0.982839,0.982311,0.981775,0.981231,0.980679,0.979694,0.978244,0.976744,0.975194,0.973594,0.971944,0.970244,0.968494,0.966694,0.964844,0.962944,0.960994,0.958994,0.956944,0.954844,0.952694,0.950494,0.948244,0.945944,0.943594,0.941194,0.938744,0.936244,0.933694,0.931094,0.928444,0.925744,0.922994,0.920194,0.917344,0.914444,0.911494,0.906975,0.900775,0.894375,0.887775,0.880975,0.873975,0.866775,0.859375,0.851775,0.843975,0.835975,0.827775,0.819375,0.810775,0.801975,0.792975,0.783775,0.774375,0.764775,0.754975,0.744975,0.734775,0.724375,0.713775,0.702975,0.691975,0.680775,0.669375,0.657775,0.645975,0.633975,0.621775,0.609375,0.596775,0.583975,0.570975,0.557775,0.544375,0.530775,0.516975,0.502975,0.488775,0.474375,0.459775,0.444975,0.429975,0.414775,0.399375,0.383775,0.367975,0.351975,0.335775,0.319375,0.302775,0.285975,0.268975,0.251775,0.234375,0.216775,0.198975,0.180975,0.162775,0.144375,0.125775,0.106975,0.087975,0.068775,0.049375,0.029775,0.014944,0.004994,0
soc_000,9.24204E-05,9.21209E-05,9.14258E-05,9.0149E-05,8.84113E-05,8.63349E-05,8.37673E-05,8.11962E-05,7.77952E-05,7.45597E-05,7.0742E-05,6.71676E-05,6.31843E-05,5.95162E-05,5.56066E-05,5.20626E-05,4.84168E-05,4.5156E-05,4.18924E-05,3.90021E-05,3.61673E-05,3.36716E-05,3.12581E-05,2.91382E-05,2.71068E-05,2.53216E-05,2.36202E-05,2.21214E-05,2.06969E-05,1.94374E-05,1.82417E-05,1.718E-05,1.61719E-05,1.52726E-05,1.44181E-05,1.36522E-05,1.29236E-05,1.22676E-05,1.16426E-05,1.10774E-05,1.05381E-05,1.00483E-05,9.58022E-06,9.15341E-06,8.7449E-06,8.37101E-06,8.0126E-06,7.68342E-06,7.36741E-06,7.07622E-06,6.79628E-06,6.28845E-06,5.83504E-06,5.42861E-06,5.06296E-06,4.73285E-06,4.43386E-06,4.16221E-06,3.9147E-06,3.68855E-06,3.48139E-06,3.29117E-06,3.11608E-06,2.95457E-06,2.80528E-06,2.66701E-06,2.53869E-06,2.41941E-06,2.30833E-06,2.20472E-06,2.10792E-06,2.01736E-06,1.9325E-06,1.85289E-06,1.77809E-06,1.70772E-06,1.64145E-06,1.57896E-06,1.51998E-06,1.46423E-06,1.41149E-06,1.36156E-06,1.31422E-06,1.26931E-06,1.22666E-06,1.18613E-06,1.11086E-06,1.04254E-06,9.80323E-07,9.23517E-07,8.71508E-07,8.23771E-07,7.79851E-07,7.39351E-07,7.01926E-07,6.67273E-07,6.35123E-07,6.05241E-07,5.7742E-07,5.51474E-07,5.27238E-07,5.04565E-07,4.83324E-07,4.63396E-07,4.44676E-07,4.27068E-07,4.10485E-07,3.94849E-07,3.8009E-07,3.66144E-07,3.52951E-07,3.40458E-07,3.28618E-07,3.17384E-07,3.06716E-07,2.96578E-07,2.86934E-07,2.77753E-07,2.69005E-07,2.60665E-07,2.52706E-07,2.45107E-07,2.37845E-07,2.30901E-07,2.24257E-07,2.17895E-07,2.03127E-07,1.89811E-07,1.77763E-07,1.66826E-07,1.56869E-07,1.47777E-07,1.39453E-07,1.31814E-07,1.24785E-07,1.18304E-07,1.12315E-07,1.06769E-07,1.01624E-07,9.68427E-08,9.23908E-08,8.82389E-08,8.43608E-08,8.07328E-08,7.73339E-08,7.41452E-08,7.11498E-08,6.83322E-08,6.56788E-08,6.3177E-08,6.08155E-08,5.85839E-08,5.64729E-08,5.44741E-08,5.25794E-08,5.0782E-08,4.90752E-08,4.7453E-08,4.44409E-08,4.17067E-08,3.92173E-08,3.69443E-08,3.48634E-08,3.29534E-08,3.11962E-08,2.95759E-08,2.80787E-08,2.66923E-08,2.54061E-08,2.42107E-08,2.30977E-08,2.20597E-08,2.10902E-08,2.01832E-08,1.93335E-08,1.85363E-08,1.77875E-08,1.70831E-08,1.64197E-08,1.57943E-08,1.52039E-08,1.4646E-08,1.41182E-08,1.36185E-08,1.31449E-08,1.26955E-08,1.22688E-08,1.18632E-08,1.14775E-08,1.11102E-08,1.07603E-08,1.04267E-08,1.01083E-08,9.80433E-09,9.51385E-09,9.23609E-09,8.97032E-09,8.71585E-09,8.47206E-09,8.23836E-09,8.0142E-09,7.79906E-09,7.59247E-09,7.39399E-09,7.20318E-09,7.01967E-09,6.84308E-09,6.67307E-09,6.50932E-09,6.35153E-09,6.1994E-09,6.05267E-09,5.9111E-09,5.77443E-09,5.64245E-09,5.51494E-09,5.3917E-09,5.27255E-09,5.15731E-09,5.0458E-09,4.93787E-09,4.83337E-09,4.73215E-09,4.63408E-09,4.53902E-09,4.44686E-09,4.35748E-09,4.3138E-09,4.27077E-09
soc_010,0.000158157,0.000157857,0.00015716,0.000155874,0.00015411,0.000151982,0.000149319,0.000146612,0.000142964,0.000139417,0.000135121,0.000130977,0.000126202,0.000121639,0.000116574,0.000111779,0.000106615,0.000101775,9.66925E-05,9.19715E-05,8.71193E-05,8.2649E-05,7.81347E-05,7.4004E-05,6.98917E-05,6.61478E-05,6.2462E-05,5.91175E-05,5.58524E-05,5.28947E-05,5.00248E-05,4.74259E-05,4.49147E-05,4.26389E-05,4.0446E-05,3.84556E-05,3.65408E-05,3.47992E-05,3.31252E-05,3.15989E-05,3.01321E-05,2.87913E-05,2.75025E-05,2.63212E-05,2.51853E-05,2.41412E-05,2.31364E-05,2.22104E-05,2.13187E-05,2.04947E-05,1.97004E-05,1.82547E-05,1.69589E-05,1.57935E-05,1.47422E-05,1.37908E-05,1.29274E-05,1.21417E-05,1.14248E-05,1.07689E-05,1.01675E-05,9.61466E-06,9.10545E-06,8.63541E-06,8.20065E-06,7.79776E-06,7.42371E-06,7.07584E-06,6.75177E-06,6.44939E-06,6.16682E-06,5.90236E-06,5.65452E-06,5.42193E-06,5.20337E-06,4.99773E-06,4.80403E-06,4.62135E-06,4.44889E-06,4.28588E-06,4.13166E-06,3.98561E-06,3.84716E-06,3.71579E-06,3.59103E-06,3.47244E-06,3.25222E-06,3.05229E-06,2.87023E-06,2.70397E-06,2.55175E-06,2.41202E-06,2.28346E-06,2.1649E-06,2.05534E-06,1.95389E-06,1.85977E-06,1.77229E-06,1.69083E-06,1.61487E-06,1.5439E-06,1.47752E-06,1.41533E-06,1.35698E-06,1.30216E-06,1.2506E-06,1.20205E-06,1.15626E-06,1.11305E-06,1.07221E-06,1.03358E-06,9.96996E-07,9.62324E-07,9.29428E-07,8.98191E-07,8.68503E-07,8.40262E-07,8.13377E-07,7.87762E-07,7.63338E-07,7.40032E-07,7.17778E-07,6.96512E-07,6.76178E-07,6.56721E-07,6.38093E-07,5.94846E-07,5.55852E-07,5.2057E-07,4.88543E-07,4.59383E-07,4.32759E-07,4.08383E-07,3.86011E-07,3.65427E-07,3.46448E-07,3.28909E-07,3.12669E-07,2.97603E-07,2.836E-07,2.70563E-07,2.58405E-07,2.47048E-07,2.36423E-07,2.2647E-07,2.17132E-07,2.0836E-07,2.00109E-07,1.92338E-07,1.85012E-07,1.78096E-07,1.71561E-07,1.65379E-07,1.59526E-07,1.53977E-07,1.48714E-07,1.43715E-07,1.38965E-07,1.30144E-07,1.22137E-07,1.14847E-07,1.0819E-07,1.02096E-07,9.65032E-08,9.13573E-08,8.66123E-08,8.22276E-08,7.81676E-08,7.44011E-08,7.09003E-08,6.7641E-08,6.46013E-08,6.17621E-08,5.91059E-08,5.66176E-08,5.42831E-08,5.209E-08,5.00273E-08,4.80847E-08,4.6253E-08,4.45241E-08,4.28903E-08,4.13449E-08,3.98814E-08,3.84944E-08,3.71784E-08,3.59288E-08,3.47412E-08,3.36114E-08,3.25359E-08,3.15113E-08,3.05342E-08,2.96019E-08,2.87117E-08,2.7861E-08,2.70476E-08,2.62693E-08,2.55241E-08,2.48102E-08,2.41258E-08,2.34694E-08,2.28393E-08,2.22343E-08,2.16531E-08,2.10943E-08,2.05569E-08,2.00398E-08,1.95419E-08,1.90624E-08,1.86003E-08,1.81548E-08,1.77251E-08,1.73105E-08,1.69102E-08,1.65237E-08,1.61503E-08,1.57894E-08,1.54405E-08,1.5103E-08,1.47765E-08,1.44604E-08,1.41544E-08,1.3858E-08,1.35708E-08,1.32924E-08,1.30225E-08,1.27608E-08,1.26328E-08,1.25068E-08
soc_020,0.00019803,0.00019773,0.000197033,0.000195743,0.000193972,0.00019183,0.000189139,0.000186393,0.000182675,0.000179037,0.000174602,0.00017029,0.000165276,0.000160435,0.000155002,0.000149796,0.000144115,0.000138713,0.000132955,0.000127522,0.000121847,0.00011653,0.000111071,0.000105991,0.000100851,9.6095E-05,9.13399E-05,8.69608E-05,8.2625E-05,7.86449E-05,7.47347E-05,7.11525E-05,6.7654E-05,6.44519E-05,6.13382E-05,5.84885E-05,5.57261E-05,5.3196E-05,5.07486E-05,4.85042E-05,4.63361E-05,4.43446E-05,4.24221E-05,4.06529E-05,3.89454E-05,3.73709E-05,3.58512E-05,3.44468E-05,3.3091E-05,3.18353E-05,3.06225E-05,2.84089E-05,2.64184E-05,2.46235E-05,2.30005E-05,2.15291E-05,2.01916E-05,1.89726E-05,1.7859E-05,1.68392E-05,1.59033E-05,1.50423E-05,1.42487E-05,1.35157E-05,1.28373E-05,1.22084E-05,1.16243E-05,1.10808E-05,1.05744E-05,1.01017E-05,9.6599E-06,9.24631E-06,8.85863E-06,8.49473E-06,8.15273E-06,7.83091E-06,7.52772E-06,7.24176E-06,6.97175E-06,6.71653E-06,6.47504E-06,6.24631E-06,6.02948E-06,5.82372E-06,5.6283E-06,5.44254E-06,5.09754E-06,4.7843E-06,4.49904E-06,4.23853E-06,3.99999E-06,3.78102E-06,3.57954E-06,3.39373E-06,3.22202E-06,3.06301E-06,2.91548E-06,2.77836E-06,2.65068E-06,2.5316E-06,2.42037E-06,2.31631E-06,2.21882E-06,2.12735E-06,2.04143E-06,1.9606E-06,1.88448E-06,1.81271E-06,1.74496E-06,1.68094E-06,1.62038E-06,1.56304E-06,1.50868E-06,1.45711E-06,1.40814E-06,1.3616E-06,1.31733E-06,1.27518E-06,1.23502E-06,1.19673E-06,1.16019E-06,1.1253E-06,1.09197E-06,1.06009E-06,1.02958E-06,1.00038E-06,9.32581E-07,8.71447E-07,8.16134E-07,7.65924E-07,7.20209E-07,6.78468E-07,6.40253E-07,6.05178E-07,5.72908E-07,5.43152E-07,5.15656E-07,4.90196E-07,4.66576E-07,4.44622E-07,4.24183E-07,4.05121E-07,3.87316E-07,3.70659E-07,3.55054E-07,3.40415E-07,3.26662E-07,3.13726E-07,3.01544E-07,2.90058E-07,2.79215E-07,2.6897E-07,2.59278E-07,2.50101E-07,2.41402E-07,2.3315E-07,2.25314E-07,2.17866E-07,2.04037E-07,1.91484E-07,1.80054E-07,1.69619E-07,1.60065E-07,1.51296E-07,1.43228E-07,1.35789E-07,1.28915E-07,1.2255E-07,1.16644E-07,1.11156E-07,1.06046E-07,1.01281E-07,9.68293E-08,9.26651E-08,8.87639E-08,8.51039E-08,8.16657E-08,7.84318E-08,7.53862E-08,7.25146E-08,6.9804E-08,6.72426E-08,6.48196E-08,6.25253E-08,6.03507E-08,5.82876E-08,5.63285E-08,5.44665E-08,5.26954E-08,5.10092E-08,4.94027E-08,4.7871E-08,4.64093E-08,4.50136E-08,4.368E-08,4.24047E-08,4.11845E-08,4.00162E-08,3.88969E-08,3.7824E-08,3.67948E-08,3.58071E-08,3.48586E-08,3.39473E-08,3.30712E-08,3.22287E-08,3.1418E-08,3.06374E-08,2.98856E-08,2.91611E-08,2.84627E-08,2.7789E-08,2.7139E-08,2.65116E-08,2.59056E-08,2.53202E-08,2.47544E-08,2.42073E-08,2.36782E-08,2.31663E-08,2.26708E-08,2.2191E-08,2.17263E-08,2.1276E-08,2.08396E-08,2.04164E-08,2.00061E-08,1.98055E-08,1.96079E-08
soc_030,0.000218505,0.000218206,0.000217508,0.000216217,0.000214444,0.000212296,0.000209595,0.000206835,0.00020309,0.000199419,0.000194931,0.000190555,0.000185451,0.000180505,0.000174932,0.000169567,0.000163685,0.000158062,0.000152036,0.000146315,0.000140301,0.000134632,0.000128771,0.000123281,0.000117688,0.000112478,0.000107235,0.000102374,9.75312E-05,9.30587E-05,8.86393E-05,8.45683E-05,8.05718E-05,7.68962E-05,7.33059E-05,7.00061E-05,6.67948E-05,6.38431E-05,6.09782E-05,5.8343E-05,5.57901E-05,5.34391E-05,5.11642E-05,4.90661E-05,4.70373E-05,4.51629E-05,4.33509E-05,4.16738E-05,4.00524E-05,3.85488E-05,3.70948E-05,3.44369E-05,3.20424E-05,2.988E-05,2.79221E-05,2.6145E-05,2.45281E-05,2.30533E-05,2.1705E-05,2.04695E-05,1.9335E-05,1.82909E-05,1.73281E-05,1.64385E-05,1.5615E-05,1.48513E-05,1.41418E-05,1.34815E-05,1.28662E-05,1.22917E-05,1.17547E-05,1.12519E-05,1.07805E-05,1.0338E-05,9.92214E-06,9.53075E-06,9.16199E-06,8.81415E-06,8.48569E-06,8.1752E-06,7.8814E-06,7.60312E-06,7.33929E-06,7.08893E-06,6.85114E-06,6.6251E-06,6.20527E-06,5.82406E-06,5.47688E-06,5.15981E-06,4.86948E-06,4.60295E-06,4.35771E-06,4.13154E-06,3.92252E-06,3.72896E-06,3.54937E-06,3.38245E-06,3.22703E-06,3.08207E-06,2.94666E-06,2.81998E-06,2.7013E-06,2.58995E-06,2.48534E-06,2.38694E-06,2.29428E-06,2.2069E-06,2.12442E-06,2.04648E-06,1.97276E-06,1.90294E-06,1.83677E-06,1.77398E-06,1.71437E-06,1.6577E-06,1.6038E-06,1.55249E-06,1.5036E-06,1.45698E-06,1.4125E-06,1.37003E-06,1.32944E-06,1.29063E-06,1.25349E-06,1.21794E-06,1.13539E-06,1.06097E-06,9.93623E-07,9.32495E-07,8.76838E-07,8.26019E-07,7.79494E-07,7.36791E-07,6.97503E-07,6.61276E-07,6.278E-07,5.96803E-07,5.68046E-07,5.41319E-07,5.16434E-07,4.93227E-07,4.71549E-07,4.5127E-07,4.32272E-07,4.14448E-07,3.97705E-07,3.81956E-07,3.67124E-07,3.5314E-07,3.39939E-07,3.27466E-07,3.15666E-07,3.04493E-07,2.93903E-07,2.83856E-07,2.74315E-07,2.65247E-07,2.48411E-07,2.33128E-07,2.19213E-07,2.06508E-07,1.94876E-07,1.842E-07,1.74377E-07,1.65321E-07,1.56951E-07,1.49202E-07,1.42012E-07,1.3533E-07,1.29109E-07,1.23307E-07,1.17888E-07,1.12818E-07,1.08068E-07,1.03612E-07,9.94264E-08,9.54892E-08,9.17812E-08,8.82851E-08,8.4985E-08,8.18666E-08,7.89167E-08,7.61234E-08,7.34758E-08,7.0964E-08,6.85788E-08,6.63119E-08,6.41556E-08,6.21027E-08,6.01469E-08,5.8282E-08,5.65025E-08,5.48032E-08,5.31795E-08,5.16269E-08,5.01413E-08,4.8719E-08,4.73563E-08,4.60499E-08,4.47969E-08,4.35944E-08,4.24396E-08,4.13301E-08,4.02636E-08,3.92378E-08,3.82508E-08,3.73005E-08,3.63851E-08,3.55031E-08,3.46528E-08,3.38326E-08,3.30412E-08,3.22773E-08,3.15396E-08,3.08268E-08,3.0138E-08,2.9472E-08,2.88278E-08,2.82045E-08,2.76012E-08,2.70171E-08,2.64513E-08,2.59031E-08,2.53718E-08,2.48566E-08,2.4357E-08,2.41128E-08,2.38723E-08
soc_040,0.000226049,0.000225749,0.000225051,0.000223761,0.000221986,0.000219837,0.000217132,0.000214367,0.000210614,0.000206932,0.000202427,0.000198031,0.000192898,0.000187918,0.000182299,0.000176882,0.000170934,0.000165238,0.000159123,0.000153307,0.00014718,0.000141392,0.000135396,0.000129767,0.000124019,0.000118653,0.000113239,0.00010821,0.000103189,9.85419E-05,9.39406E-05,8.9694E-05,8.55174E-05,8.16695E-05,7.79048E-05,7.44394E-05,7.10621E-05,6.79538E-05,6.49332E-05,6.21517E-05,5.94541E-05,5.69676E-05,5.45594E-05,5.23366E-05,5.01855E-05,4.81968E-05,4.62731E-05,4.44915E-05,4.27682E-05,4.11693E-05,3.96225E-05,3.67932E-05,3.42425E-05,3.19376E-05,2.98496E-05,2.79537E-05,2.6228E-05,2.46535E-05,2.32136E-05,2.18939E-05,2.06818E-05,1.95661E-05,1.85371E-05,1.75862E-05,1.67058E-05,1.58893E-05,1.51306E-05,1.44246E-05,1.37665E-05,1.31521E-05,1.25778E-05,1.204E-05,1.15358E-05,1.10624E-05,1.06175E-05,1.01988E-05,9.8043E-06,9.43216E-06,9.08075E-06,8.74855E-06,8.43421E-06,8.13646E-06,7.85417E-06,7.58629E-06,7.33185E-06,7.08998E-06,6.64074E-06,6.23282E-06,5.86131E-06,5.52202E-06,5.21132E-06,4.9261E-06,4.66366E-06,4.42162E-06,4.19794E-06,3.99079E-06,3.79861E-06,3.61997E-06,3.45364E-06,3.2985E-06,3.15359E-06,3.01802E-06,2.891E-06,2.77183E-06,2.65988E-06,2.55458E-06,2.45541E-06,2.3619E-06,2.27363E-06,2.19021E-06,2.11131E-06,2.03659E-06,1.96577E-06,1.89858E-06,1.83477E-06,1.77413E-06,1.71645E-06,1.66153E-06,1.60921E-06,1.55932E-06,1.51171E-06,1.46625E-06,1.42281E-06,1.38128E-06,1.34153E-06,1.30348E-06,1.21514E-06,1.13548E-06,1.06341E-06,9.9799E-07,9.38425E-07,8.84037E-07,8.34243E-07,7.88541E-07,7.46494E-07,7.07723E-07,6.71895E-07,6.38721E-07,6.07944E-07,5.7934E-07,5.52707E-07,5.2787E-07,5.0467E-07,4.82967E-07,4.62634E-07,4.43558E-07,4.25639E-07,4.08783E-07,3.9291E-07,3.77943E-07,3.63816E-07,3.50466E-07,3.37838E-07,3.2588E-07,3.14546E-07,3.03793E-07,2.93582E-07,2.83878E-07,2.65859E-07,2.49502E-07,2.3461E-07,2.21012E-07,2.08564E-07,1.97138E-07,1.86626E-07,1.76932E-07,1.67975E-07,1.59681E-07,1.51987E-07,1.44836E-07,1.38178E-07,1.31968E-07,1.26168E-07,1.20742E-07,1.15659E-07,1.1089E-07,1.0641E-07,1.02196E-07,9.82278E-08,9.44861E-08,9.09542E-08,8.76168E-08,8.44597E-08,8.14702E-08,7.86367E-08,7.59484E-08,7.33957E-08,7.09696E-08,6.86618E-08,6.64647E-08,6.43715E-08,6.23756E-08,6.04711E-08,5.86525E-08,5.69148E-08,5.52531E-08,5.36632E-08,5.21409E-08,5.06825E-08,4.92844E-08,4.79434E-08,4.66564E-08,4.54205E-08,4.42331E-08,4.30917E-08,4.19938E-08,4.09374E-08,3.99204E-08,3.89408E-08,3.79968E-08,3.70867E-08,3.6209E-08,3.5362E-08,3.45444E-08,3.37549E-08,3.29921E-08,3.22548E-08,3.1542E-08,3.08526E-08,3.01856E-08,2.95399E-08,2.89147E-08,2.83092E-08,2.77225E-08,2.71538E-08,2.66025E-08,2.60678E-08,2.58065E-08,2.55491E-08
soc_050,0.000227127,0.000226827,0.000226129,0.000224838,0.000223064,0.000220914,0.000218209,0.000215443,0.000211689,0.000208005,0.000203498,0.000199099,0.000193962,0.000188977,0.000183352,0.000177928,0.000171971,0.000166266,0.000160138,0.000154308,0.000148166,0.000142362,0.000136347,0.000130698,0.000124928,0.00011954,0.000114103,0.000109051,0.000104004,9.93323E-05,9.47053E-05,9.04338E-05,8.62316E-05,8.23592E-05,7.85697E-05,7.50807E-05,7.16798E-05,6.8549E-05,6.55061E-05,6.27036E-05,5.99853E-05,5.74793E-05,5.50519E-05,5.28111E-05,5.06424E-05,4.86372E-05,4.66974E-05,4.49007E-05,4.31627E-05,4.155E-05,3.99898E-05,3.71357E-05,3.45624E-05,3.22368E-05,3.013E-05,2.82168E-05,2.64753E-05,2.48863E-05,2.34331E-05,2.21012E-05,2.08778E-05,1.97517E-05,1.8713E-05,1.77532E-05,1.68646E-05,1.60404E-05,1.52746E-05,1.45619E-05,1.38976E-05,1.32774E-05,1.26976E-05,1.21547E-05,1.16457E-05,1.11679E-05,1.07188E-05,1.02961E-05,9.89783E-06,9.52215E-06,9.1674E-06,8.83204E-06,8.51471E-06,8.21413E-06,7.92915E-06,7.65871E-06,7.40185E-06,7.15767E-06,6.70415E-06,6.29234E-06,5.91729E-06,5.57476E-06,5.2611E-06,4.97316E-06,4.70821E-06,4.46386E-06,4.23804E-06,4.02892E-06,3.8349E-06,3.65456E-06,3.48664E-06,3.33002E-06,3.18372E-06,3.04686E-06,2.91863E-06,2.79832E-06,2.6853E-06,2.57899E-06,2.47887E-06,2.38447E-06,2.29535E-06,2.21114E-06,2.13148E-06,2.05605E-06,1.98455E-06,1.91672E-06,1.85231E-06,1.79109E-06,1.73285E-06,1.67741E-06,1.62459E-06,1.57422E-06,1.52616E-06,1.48027E-06,1.43641E-06,1.39448E-06,1.35435E-06,1.31594E-06,1.22675E-06,1.14634E-06,1.07358E-06,1.00753E-06,9.47393E-07,8.92486E-07,8.42216E-07,7.96078E-07,7.53629E-07,7.14487E-07,6.78317E-07,6.44826E-07,6.13755E-07,5.84877E-07,5.5799E-07,5.32915E-07,5.09493E-07,4.87583E-07,4.67055E-07,4.47797E-07,4.29707E-07,4.1269E-07,3.96665E-07,3.81556E-07,3.67293E-07,3.53816E-07,3.41067E-07,3.28995E-07,3.17552E-07,3.06697E-07,2.96388E-07,2.86591E-07,2.684E-07,2.51887E-07,2.36852E-07,2.23125E-07,2.10557E-07,1.99022E-07,1.88409E-07,1.78623E-07,1.69581E-07,1.61208E-07,1.5344E-07,1.4622E-07,1.39498E-07,1.33229E-07,1.27374E-07,1.21896E-07,1.16764E-07,1.1195E-07,1.07427E-07,1.03173E-07,9.91666E-08,9.53892E-08,9.18235E-08,8.84541E-08,8.52669E-08,8.22488E-08,7.93882E-08,7.66743E-08,7.40972E-08,7.16479E-08,6.9318E-08,6.71E-08,6.49867E-08,6.29718E-08,6.10491E-08,5.92131E-08,5.74587E-08,5.57812E-08,5.41761E-08,5.26392E-08,5.11669E-08,4.97555E-08,4.84016E-08,4.71023E-08,4.58546E-08,4.46559E-08,4.35035E-08,4.23952E-08,4.13287E-08,4.03019E-08,3.9313E-08,3.836E-08,3.74412E-08,3.6555E-08,3.57E-08,3.48746E-08,3.40775E-08,3.33074E-08,3.25631E-08,3.18435E-08,3.11475E-08,3.0474E-08,2.98222E-08,2.91911E-08,2.85798E-08,2.79874E-08,2.74134E-08,2.68568E-08,2.63169E-08,2.60531E-08,2.57932E-08
soc_060,0.000228204,0.000227904,0.000227206,0.000225916,0.000224141,0.000221991,0.000219286,0.000216519,0.000212764,0.000209079,0.000204569,0.000200168,0.000195026,0.000190037,0.000184406,0.000178975,0.000173009,0.000167293,0.000161153,0.00015531,0.000149153,0.000143332,0.000137299,0.000131631,0.000125839,0.000120429,0.000114969,0.000109892,0.000104821,0.000100124,9.54718E-05,9.11754E-05,8.69477E-05,8.30509E-05,7.92365E-05,7.57239E-05,7.22993E-05,6.91461E-05,6.6081E-05,6.32574E-05,6.05184E-05,5.79928E-05,5.55462E-05,5.32874E-05,5.11011E-05,4.90794E-05,4.71234E-05,4.53116E-05,4.35588E-05,4.19324E-05,4.03587E-05,3.74796E-05,3.48836E-05,3.25373E-05,3.04116E-05,2.84811E-05,2.67237E-05,2.51202E-05,2.36537E-05,2.23094E-05,2.10747E-05,1.99381E-05,1.88898E-05,1.7921E-05,1.70241E-05,1.61922E-05,1.54192E-05,1.46998E-05,1.40293E-05,1.34033E-05,1.2818E-05,1.227E-05,1.17562E-05,1.12739E-05,1.08205E-05,1.03938E-05,9.99179E-06,9.61257E-06,9.25445E-06,8.91592E-06,8.59558E-06,8.29215E-06,8.00448E-06,7.73148E-06,7.47218E-06,7.22569E-06,6.76787E-06,6.35215E-06,5.97354E-06,5.62776E-06,5.31112E-06,5.02044E-06,4.75297E-06,4.50631E-06,4.27834E-06,4.06724E-06,3.87137E-06,3.68931E-06,3.51979E-06,3.36169E-06,3.214E-06,3.07583E-06,2.94638E-06,2.82493E-06,2.71084E-06,2.60352E-06,2.50245E-06,2.40714E-06,2.31719E-06,2.23217E-06,2.15176E-06,2.07561E-06,2.00343E-06,1.93495E-06,1.86992E-06,1.80812E-06,1.74933E-06,1.69336E-06,1.64004E-06,1.58919E-06,1.54067E-06,1.49434E-06,1.45007E-06,1.40774E-06,1.36724E-06,1.32845E-06,1.23842E-06,1.15724E-06,1.08379E-06,1.01711E-06,9.56405E-07,9.00975E-07,8.50227E-07,8.0365E-07,7.60797E-07,7.21283E-07,6.84769E-07,6.50959E-07,6.19593E-07,5.9044E-07,5.63297E-07,5.37984E-07,5.1434E-07,4.9222E-07,4.71498E-07,4.52057E-07,4.33794E-07,4.16616E-07,4.00438E-07,3.85185E-07,3.70787E-07,3.57181E-07,3.44311E-07,3.32124E-07,3.20573E-07,3.09614E-07,2.99207E-07,2.89317E-07,2.70953E-07,2.54283E-07,2.39105E-07,2.25247E-07,2.1256E-07,2.00915E-07,1.90201E-07,1.80322E-07,1.71194E-07,1.62741E-07,1.54899E-07,1.47611E-07,1.40825E-07,1.34497E-07,1.28586E-07,1.23056E-07,1.17875E-07,1.13015E-07,1.08449E-07,1.04154E-07,1.0011E-07,9.62965E-08,9.26969E-08,8.92955E-08,8.60779E-08,8.30312E-08,8.01433E-08,7.74036E-08,7.4802E-08,7.23294E-08,6.99774E-08,6.77382E-08,6.56049E-08,6.35707E-08,6.16298E-08,5.97763E-08,5.80053E-08,5.63118E-08,5.46914E-08,5.31399E-08,5.16536E-08,5.02287E-08,4.8862E-08,4.75504E-08,4.62908E-08,4.50806E-08,4.39173E-08,4.27984E-08,4.17218E-08,4.06853E-08,3.96869E-08,3.87248E-08,3.77973E-08,3.69027E-08,3.60396E-08,3.52063E-08,3.44016E-08,3.36242E-08,3.28728E-08,3.21464E-08,3.14438E-08,3.07639E-08,3.01059E-08,2.94687E-08,2.88516E-08,2.82537E-08,2.76741E-08,2.71122E-08,2.65673E-08,2.63009E-08,2.60386E-08
soc_070,0.000235748,0.000235448,0.00023475,0.000233459,0.000231683,0.000229532,0.000226823,0.000224053,0.00022029,0.000216595,0.00021207,0.000207649,0.000202481,0.00019746,0.000191786,0.000186308,0.000180281,0.000174497,0.000168275,0.000162343,0.00015608,0.000150148,0.000143987,0.000138187,0.000132248,0.000126689,0.000121065,0.000115827,0.000110583,0.000105717,0.000100886,9.64179E-05,9.20129E-05,8.79458E-05,8.39584E-05,8.0281E-05,7.66906E-05,7.33805E-05,7.01589E-05,6.71879E-05,6.43027E-05,6.16399E-05,5.9058E-05,5.66723E-05,5.43614E-05,5.22231E-05,5.01528E-05,4.82341E-05,4.63769E-05,4.46526E-05,4.29835E-05,3.99281E-05,3.7171E-05,3.46776E-05,3.24174E-05,3.03639E-05,2.84938E-05,2.67868E-05,2.52253E-05,2.37936E-05,2.24783E-05,2.12672E-05,2.01501E-05,1.91176E-05,1.81615E-05,1.72746E-05,1.64504E-05,1.56834E-05,1.49683E-05,1.43007E-05,1.36765E-05,1.30921E-05,1.25441E-05,1.20296E-05,1.1546E-05,1.10908E-05,1.06619E-05,1.02574E-05,9.87531E-06,9.51414E-06,9.17237E-06,8.84864E-06,8.54171E-06,8.25043E-06,7.97377E-06,7.71077E-06,7.22227E-06,6.77869E-06,6.3747E-06,6.00572E-06,5.66784E-06,5.35767E-06,5.07225E-06,4.80903E-06,4.56576E-06,4.34048E-06,4.13146E-06,3.93718E-06,3.75628E-06,3.58756E-06,3.42995E-06,3.2825E-06,3.14436E-06,3.01475E-06,2.89299E-06,2.77846E-06,2.6706E-06,2.5689E-06,2.47289E-06,2.38217E-06,2.29635E-06,2.21509E-06,2.13806E-06,2.06498E-06,1.99558E-06,1.92963E-06,1.86689E-06,1.80716E-06,1.75025E-06,1.69599E-06,1.64421E-06,1.59477E-06,1.54752E-06,1.50234E-06,1.45912E-06,1.41773E-06,1.32165E-06,1.23501E-06,1.15662E-06,1.08547E-06,1.02068E-06,9.61524E-07,9.07366E-07,8.57658E-07,8.11926E-07,7.69756E-07,7.30788E-07,6.94706E-07,6.61232E-07,6.3012E-07,6.01153E-07,5.74139E-07,5.48906E-07,5.253E-07,5.03185E-07,4.82437E-07,4.62947E-07,4.44614E-07,4.2735E-07,4.11071E-07,3.95706E-07,3.81186E-07,3.6745E-07,3.54444E-07,3.42117E-07,3.30421E-07,3.19316E-07,3.08761E-07,2.89162E-07,2.71372E-07,2.55174E-07,2.40385E-07,2.26845E-07,2.14417E-07,2.02984E-07,1.92441E-07,1.82699E-07,1.73678E-07,1.65309E-07,1.57531E-07,1.50289E-07,1.43536E-07,1.37227E-07,1.31326E-07,1.25797E-07,1.2061E-07,1.15737E-07,1.11154E-07,1.06838E-07,1.02768E-07,9.89266E-08,9.52966E-08,9.18628E-08,8.86113E-08,8.55294E-08,8.26055E-08,7.98291E-08,7.71903E-08,7.46802E-08,7.22906E-08,7.00138E-08,6.7843E-08,6.57716E-08,6.37936E-08,6.19035E-08,6.00962E-08,5.83669E-08,5.67112E-08,5.5125E-08,5.36044E-08,5.21458E-08,5.0746E-08,4.94018E-08,4.81103E-08,4.68688E-08,4.56747E-08,4.45257E-08,4.34195E-08,4.23541E-08,4.13273E-08,4.03375E-08,3.93828E-08,3.84616E-08,3.75723E-08,3.67136E-08,3.58839E-08,3.50821E-08,3.43068E-08,3.35569E-08,3.28314E-08,3.21291E-08,3.14492E-08,3.07906E-08,3.01524E-08,2.9534E-08,2.89343E-08,2.83527E-08,2.80685E-08,2.77885E-08
soc_080,0.000256223,0.000255923,0.000255225,0.000253933,0.000252156,0.000250001,0.000247285,0.000244504,0.000240722,0.000237002,0.00023244,0.000227973,0.00022274,0.000217643,0.000211866,0.000206271,0.000200095,0.000194147,0.000187722,0.00018157,0.000175046,0.000168837,0.000162357,0.000156226,0.000149915,0.000143977,0.000137939,0.000132284,0.000126593,0.000121286,0.000115992,0.00011107,0.000106196,0.000101677,9.7227E-05,9.31068E-05,8.90693E-05,8.53339E-05,8.16864E-05,7.83124E-05,7.50266E-05,7.1986E-05,6.90306E-05,6.62937E-05,6.3637E-05,6.11739E-05,5.8785E-05,5.65674E-05,5.44175E-05,5.24188E-05,5.04815E-05,4.69289E-05,4.37168E-05,4.08068E-05,3.81651E-05,3.57619E-05,3.35709E-05,3.15692E-05,2.97365E-05,2.8055E-05,2.65092E-05,2.50853E-05,2.37711E-05,2.25559E-05,2.14303E-05,2.03858E-05,1.9415E-05,1.85112E-05,1.76685E-05,1.68815E-05,1.61456E-05,1.54564E-05,1.48101E-05,1.42032E-05,1.36327E-05,1.30958E-05,1.25897E-05,1.21123E-05,1.16615E-05,1.12353E-05,1.08319E-05,1.04498E-05,1.00875E-05,9.74366E-06,9.41706E-06,9.10657E-06,8.52985E-06,8.00612E-06,7.52911E-06,7.09342E-06,6.69443E-06,6.32815E-06,5.99109E-06,5.68023E-06,5.39293E-06,5.12687E-06,4.88002E-06,4.65055E-06,4.4369E-06,4.23762E-06,4.05147E-06,3.87732E-06,3.71415E-06,3.56107E-06,3.41725E-06,3.28197E-06,3.15457E-06,3.03444E-06,2.92105E-06,2.81389E-06,2.71252E-06,2.61653E-06,2.52554E-06,2.43922E-06,2.35725E-06,2.27934E-06,2.20523E-06,2.13468E-06,2.06746E-06,2.00336E-06,1.9422E-06,1.8838E-06,1.82799E-06,1.77463E-06,1.72357E-06,1.67468E-06,1.56118E-06,1.45885E-06,1.36625E-06,1.2822E-06,1.20567E-06,1.1358E-06,1.07182E-06,1.01311E-06,9.59085E-07,9.09272E-07,8.63241E-07,8.2062E-07,7.81079E-07,7.44328E-07,7.10111E-07,6.782E-07,6.48393E-07,6.20509E-07,5.94386E-07,5.69878E-07,5.46855E-07,5.252E-07,5.04806E-07,4.85577E-07,4.67426E-07,4.50275E-07,4.3405E-07,4.18687E-07,4.04125E-07,3.9031E-07,3.77191E-07,3.64723E-07,3.41572E-07,3.20557E-07,3.01424E-07,2.83954E-07,2.6796E-07,2.5328E-07,2.39774E-07,2.27321E-07,2.15813E-07,2.05157E-07,1.95271E-07,1.86083E-07,1.77529E-07,1.69551E-07,1.62099E-07,1.55128E-07,1.48597E-07,1.4247E-07,1.36714E-07,1.313E-07,1.26202E-07,1.21395E-07,1.16857E-07,1.12569E-07,1.08513E-07,1.04672E-07,1.01031E-07,9.75777E-08,9.4298E-08,9.11809E-08,8.82159E-08,8.53931E-08,8.27038E-08,8.01395E-08,7.76926E-08,7.53561E-08,7.31235E-08,7.09886E-08,6.89459E-08,6.69901E-08,6.51163E-08,6.33201E-08,6.15972E-08,5.99436E-08,5.83558E-08,5.68302E-08,5.53637E-08,5.39532E-08,5.25959E-08,5.12893E-08,5.00307E-08,4.88179E-08,4.76486E-08,4.65209E-08,4.54327E-08,4.43823E-08,4.33679E-08,4.23878E-08,4.14406E-08,4.05249E-08,3.96391E-08,3.87821E-08,3.79525E-08,3.71493E-08,3.63713E-08,3.56175E-08,3.48869E-08,3.41786E-08,3.34916E-08,3.31559E-08,3.28251E-08
soc_090,0.000296096,0.000295796,0.000295098,0.000293805,0.000292024,0.000289863,0.000287136,0.000284339,0.000280528,0.000276771,0.00027215,0.000267612,0.000262277,0.00025706,0.000251123,0.000245345,0.000238934,0.000232724,0.000225975,0.000219472,0.000212527,0.000205868,0.000198865,0.000192186,0.000185255,0.000178677,0.000171931,0.000165558,0.00015909,0.000153005,0.000146884,0.000141147,0.000135419,0.000130066,0.000124756,0.000119804,0.000114918,0.000110368,0.000105898,0.000101739,9.76674E-05,9.38802E-05,9.01816E-05,8.67412E-05,8.33878E-05,8.02669E-05,7.72292E-05,7.43999E-05,7.16487E-05,6.90836E-05,6.65908E-05,6.20033E-05,5.78379E-05,5.40506E-05,5.06019E-05,4.7456E-05,4.45814E-05,4.19498E-05,3.95362E-05,3.73184E-05,3.52769E-05,3.33942E-05,3.16548E-05,3.00451E-05,2.85528E-05,2.71671E-05,2.58784E-05,2.4678E-05,2.35581E-05,2.25119E-05,2.15331E-05,2.06162E-05,1.97561E-05,1.89483E-05,1.81887E-05,1.74735E-05,1.67994E-05,1.61634E-05,1.55626E-05,1.49945E-05,1.44568E-05,1.39474E-05,1.34644E-05,1.30059E-05,1.25704E-05,1.21563E-05,1.1387E-05,1.06883E-05,1.00519E-05,9.4705E-06,8.93806E-06,8.44922E-06,7.99935E-06,7.58443E-06,7.20094E-06,6.84578E-06,6.51624E-06,6.20992E-06,5.92467E-06,5.65863E-06,5.4101E-06,5.17758E-06,4.95973E-06,4.75533E-06,4.56331E-06,4.38268E-06,4.21257E-06,4.05217E-06,3.90075E-06,3.75766E-06,3.6223E-06,3.49413E-06,3.37263E-06,3.25737E-06,3.14791E-06,3.04388E-06,2.94491E-06,2.8507E-06,2.76094E-06,2.67535E-06,2.59367E-06,2.51568E-06,2.44116E-06,2.3699E-06,2.30171E-06,2.23643E-06,2.08486E-06,1.9482E-06,1.82455E-06,1.7123E-06,1.61011E-06,1.51679E-06,1.43136E-06,1.35295E-06,1.28081E-06,1.21429E-06,1.15281E-06,1.0959E-06,1.04309E-06,9.94012E-07,9.48318E-07,9.05703E-07,8.65898E-07,8.2866E-07,7.93773E-07,7.61044E-07,7.30299E-07,7.01379E-07,6.74144E-07,6.48465E-07,6.24226E-07,6.0132E-07,5.79653E-07,5.59136E-07,5.3969E-07,5.2124E-07,5.03721E-07,4.8707E-07,4.56153E-07,4.28089E-07,4.02538E-07,3.79207E-07,3.57848E-07,3.38244E-07,3.20207E-07,3.03576E-07,2.88208E-07,2.73978E-07,2.60776E-07,2.48506E-07,2.37082E-07,2.26428E-07,2.16476E-07,2.07166E-07,1.98445E-07,1.90262E-07,1.82576E-07,1.75346E-07,1.68537E-07,1.62117E-07,1.56057E-07,1.50331E-07,1.44914E-07,1.39785E-07,1.34923E-07,1.3031E-07,1.25931E-07,1.21768E-07,1.17808E-07,1.14039E-07,1.10447E-07,1.07023E-07,1.03755E-07,1.00635E-07,9.7653E-08,9.4802E-08,9.2074E-08,8.94621E-08,8.69598E-08,8.4561E-08,8.22602E-08,8.00519E-08,7.79314E-08,7.58941E-08,7.39356E-08,7.2052E-08,7.02395E-08,6.84944E-08,6.68137E-08,6.5194E-08,6.36325E-08,6.21265E-08,6.06733E-08,5.92705E-08,5.79158E-08,5.6607E-08,5.53421E-08,5.41191E-08,5.29362E-08,5.17916E-08,5.06838E-08,4.96112E-08,4.85722E-08,4.75656E-08,4.65899E-08,4.56439E-08,4.47265E-08,4.42781E-08,4.38364E-08
soc_100,0.000361833,0.000361533,0.000360834,0.00035954,0.000357756,0.000355588,0.000352847,0.000350032,0.000346186,0.000342385,0.000337695,0.000333074,0.000327619,0.000322262,0.000316135,0.000310141,0.000303449,0.000296927,0.000289788,0.000282858,0.000275397,0.000268184,0.000260528,0.000253158,0.000245434,0.000238029,0.000230354,0.000223027,0.000215508,0.000208357,0.000201084,0.000194192,0.000187237,0.000180666,0.000174081,0.000167876,0.000161694,0.000155882,0.00015012,0.000144712,0.000139373,0.000134367,0.000129442,0.000124828,0.0001203,0.00011606,0.000111909,0.00010802,0.00010422,0.000100659,9.71827E-05,9.07456E-05,8.48574E-05,7.94691E-05,7.45347E-05,7.00118E-05,6.58612E-05,6.20474E-05,5.85382E-05,5.53046E-05,5.23206E-05,4.95627E-05,4.70098E-05,4.46433E-05,4.24462E-05,4.04033E-05,3.85011E-05,3.67273E-05,3.50711E-05,3.35225E-05,3.20726E-05,3.07135E-05,2.94378E-05,2.8239E-05,2.71112E-05,2.60489E-05,2.50472E-05,2.41017E-05,2.32083E-05,2.23633E-05,2.15633E-05,2.08052E-05,2.00861E-05,1.94034E-05,1.87548E-05,1.8138E-05,1.6992E-05,1.59507E-05,1.5002E-05,1.41353E-05,1.33413E-05,1.26123E-05,1.19412E-05,1.13223E-05,1.07501E-05,1.02202E-05,9.72845E-06,9.27132E-06,8.84563E-06,8.44857E-06,8.07763E-06,7.73057E-06,7.40539E-06,7.10029E-06,6.81364E-06,6.544E-06,6.29005E-06,6.05059E-06,5.82454E-06,5.61091E-06,5.40883E-06,5.21746E-06,5.03607E-06,4.86397E-06,4.70055E-06,4.54522E-06,4.39746E-06,4.25679E-06,4.12276E-06,3.99496E-06,3.87301E-06,3.75656E-06,3.64529E-06,3.53888E-06,3.43707E-06,3.33958E-06,3.11327E-06,2.90921E-06,2.72457E-06,2.55696E-06,2.40435E-06,2.26501E-06,2.13744E-06,2.02035E-06,1.91263E-06,1.81329E-06,1.7215E-06,1.6365E-06,1.55765E-06,1.48436E-06,1.41613E-06,1.35249E-06,1.29305E-06,1.23744E-06,1.18535E-06,1.13647E-06,1.09056E-06,1.04737E-06,1.0067E-06,9.68358E-07,9.32161E-07,8.97957E-07,8.65601E-07,8.34963E-07,8.05923E-07,7.78373E-07,7.52211E-07,7.27346E-07,6.81178E-07,6.3927E-07,6.01113E-07,5.66274E-07,5.34378E-07,5.05103E-07,4.78169E-07,4.53333E-07,4.30384E-07,4.09133E-07,3.89419E-07,3.71096E-07,3.54037E-07,3.38127E-07,3.23266E-07,3.09364E-07,2.96339E-07,2.84121E-07,2.72642E-07,2.61846E-07,2.51678E-07,2.42091E-07,2.33042E-07,2.2449E-07,2.16401E-07,2.08742E-07,2.01482E-07,1.94594E-07,1.88053E-07,1.81837E-07,1.75924E-07,1.70295E-07,1.64932E-07,1.59818E-07,1.54938E-07,1.50279E-07,1.45826E-07,1.41569E-07,1.37495E-07,1.33595E-07,1.29858E-07,1.26276E-07,1.2284E-07,1.19542E-07,1.16376E-07,1.13334E-07,1.10409E-07,1.07596E-07,1.04889E-07,1.02283E-07,9.97736E-08,9.73549E-08,9.50231E-08,9.27741E-08,9.06041E-08,8.85092E-08,8.64862E-08,8.45318E-08,8.26429E-08,8.08166E-08,7.90502E-08,7.7341E-08,7.56867E-08,7.40849E-08,7.25334E-08,7.10302E-08,6.95732E-08,6.81606E-08,6.67906E-08,6.6121E-08,6.54614E-08
