sensor1,sensor2,sensor3
0.618245721,0.42978948,1.112439626
0.655745047,0.409784646,1.161187982
0.698459511,0.387307305,1.109873923
0.744899074,0.365054737,1.101710322
0.793325357,0.34415081,1.082117682
0.842496659,0.326618484,1.05272872
0.890674601,0.312232986,1.014243176
0.936617484,0.297622714,0.968293768
0.979083609,0.283012443,0.915580235
1.016086255,0.269526038,0.85750205
1.046383724,0.257837821,0.795458687
1.068734316,0.249071658,0.730149885
1.081151312,0.244126643,0.662975116
1.082889691,0.245700056,0.595100611
1.074197794,0.260984648,0.527692597
1.055820641,0.282562896,0.462150548
1.028503251,0.300095222,0.399174203
0.992493964,0.316503681,0.340163035
0.94903448,0.333361687,0.286516518
0.897876459,0.347747185,0.239167637
0.8402616,0.356738121,0.199282618
0.776438243,0.357187668,0.168027691
0.707151408,0.348196732,0.145636101
0.632649435,0.331788273,0.127676181
0.553677344,0.309985252,0.112048717
0.470980155,0.285709724,0.098753711
0.385054546,0.261209422,0.086858179
0.296397198,0.238507307,0.07589563
0.205504791,0.219626341,0.065399573
0.112874005,0.200071054,0.054670269
0.019498199,0.1793919,0.043007983
-0.074374286,0.15758888,0.030179468
-0.167998432,0.135111539,0.015251742
-0.261125898,0.112184651,-0.001775196
-0.353011665,0.089032989,-0.022067574
-0.442910712,0.065881328,-0.046091883
-0.5305747,0.04295444,-0.074314616
-0.615010269,0.020477099,-0.107668754
-0.695969079,-0.000876375,-0.147087282
-0.772954451,-0.021330755,-0.201900027
-0.844973025,-0.040436495,-0.273039972
-0.9120248,-0.057968821,-0.356775187
-0.972868078,-0.073478186,-0.450073477
-1.027502858,-0.086964591,-0.548969663
-1.075184121,-0.098203262,-0.649965062
-1.115166846,-0.106744651,-0.750027477
-1.147202694,-0.112363986,-0.845191732
-1.170298306,-0.115061267,-0.931959141
-1.184453681,-0.11258876,-1.006831019
-1.18817878,-0.10337305,-1.066541924
-1.155894591,-0.089437099,-1.107359926
-1.088842816,-0.07370296,-1.126019583
-1.013844163,-0.058867915,-1.128118795
-0.945302348,-0.039762175,-1.129051778
-0.869061996,-0.016610514,-1.128818532
-0.785371447,0.00474296,-1.127185812
-0.695720739,0.020252326,-1.123687126
-0.601103234,0.024523021,-1.117855983
-0.50300897,0.015981631,-1.109459137
-0.402431306,-0.002674562,-1.099196325
-0.300860284,-0.027399637,-1.087534039
-0.199537601,-0.055721087,-1.074705524
-0.099704957,-0.083368217,-1.060944027
-0.002604053,-0.107643745,-1.046716037
0.090523413,-0.128547672,-1.032488048
0.178435741,-0.151025013,-1.018726551
0.260139572,-0.174176674,-1.005431544
0.333896525,-0.197553109,-0.993302767
0.398713241,-0.220255224,-0.982573463
0.453348021,-0.242058244,-0.973710126
0.496310825,-0.262063078,-0.966946
0.526856634,-0.279595404,-0.962747577
0.542998728,-0.294205676,-0.961581348
0.53902529,-0.305219573,-0.96368056
0.48414217,-0.312637095,-0.969278457
0.403183359,-0.31758211,-0.978141795
0.333399845,-0.318481204,-1.010096459
0.294658819,-0.31825643,-1.057445341
0.261132931,-0.31758211,-1.104327731
0.230587122,-0.316458243,-1.154242316
0.203021392,-0.311063681,-1.209521552
0.178435741,-0.294430449,-1.269232458
0.156581829,-0.26880628,-1.332675295
0.137956336,-0.238237096,-1.39891708
0.123304282,-0.205420178,-1.467258077
0.112128986,-0.173727128,-1.536765303
0.10120203,-0.138212929,-1.606505774
0.085804955,-0.096405074,-1.675779754
0.027445077,-0.049652205,-1.743887505
-0.122055549,0.000697039,-1.809662799
-0.361703561,0.053743564,-1.872405899
-0.635374141,0.107913956,-1.931650313
-0.88594911,0.162309121,-1.985996566
-1.057303647,0.215580419,-2.034978168
-1.099273092,0.266603984,-2.077662136
-1.091822895,0.314255947,-2.113115486
-1.075929141,0.356962895,-2.140638481
-1.053578549,0.393600961,-2.159531385
-1.025764479,0.423271051,-2.168627968
-0.99422531,0.444624525,-2.168161476
-0.960699423,0.456312742,-2.160930859
-0.920220017,0.454065008,-2.14833559
-0.848449784,0.414729661,-2.131075406
-0.765504254,0.35404084,-2.109850045
-0.697707459,0.295824527,-2.085825736
-0.662691531,0.243227549,-2.059468969
-0.6400926,0.188382837,-2.031945974
-0.616748648,0.131739937,-2.004189733
-0.592659677,0.074647491,-1.976899983
-0.565093947,0.017555045,-1.950776462
-0.535541498,-0.038413534,-1.926985398
-0.504002329,-0.092583926,-1.906226529
-0.470476442,-0.144057037,-1.889666082
-0.434715495,-0.192158547,-1.875204848
-0.394484429,-0.234865495,-1.857478173
-0.348044866,-0.270829241,-1.839518252
-0.297383525,-0.305444346,-1.820858594
-0.242997085,-0.335788757,-1.801265953
-0.186375585,-0.357591777,-1.780040592
-0.129009066,-0.371078182,-1.757415757
-0.071890887,-0.381417759,-1.73269171
-0.016262748,-0.389959148,-1.705168715
0.036385313,-0.398500538,-1.663650976
0.085308275,-0.408615342,-1.622366483
0.12876776,-0.421202653,-1.588079362
0.165770406,-0.436037698,-1.555658206
0.195074515,-0.452221383,-1.524636525
0.215190048,-0.469753709,-1.495014318
0.225123644,-0.488185129,-1.466791586
0.211216609,-0.506616549,-1.441134556
0.146399893,-0.524823195,-1.418742967
0.070904561,-0.542130747,-1.386088565
0.002114406,-0.558539206,-1.349935478
-0.075864326,-0.573149478,-1.310516951
-0.160796575,-0.585736789,-1.268299475
-0.250447282,-0.595626819,-1.223749542
-0.342829728,-0.602594795,-1.176633905
-0.435957194,-0.605966396,-1.127885549
-0.527346281,-0.584163375,-1.077271227
-0.615010269,-0.511561564,-1.025490677
-0.696714099,-0.461661866,-0.972543897
-0.770471052,-0.420078785,-0.918897381
-0.834046069,-0.378270931,-0.864551127
-0.88520409,-0.336463077,-0.810204874
-0.921958397,-0.295329543,-0.756091866
-0.942322269,-0.255319876,-0.702212104
-0.94182559,-0.216883622,-0.649265324
-0.907803022,-0.180919877,-0.597018282
-0.851678202,-0.147428639,-0.54640396
-0.789841565,-0.117309001,-0.497189113
-0.736945164,-0.091684833,-0.449840231
-0.683552084,-0.070331359,-0.404823806
-0.625440545,-0.050551299,-0.362139839
-0.563355568,-0.030096918,-0.322488066
-0.498538851,-0.008743444,-0.289833664
-0.431983756,0.012385256,-0.260911195
-0.36493198,0.03373873,-0.228490039
-0.298625224,0.054417884,-0.186272563
-0.233808508,0.075996132,-0.134725258
-0.171723531,0.100496433,-0.075947336
-0.113363652,0.130840844,-0.011571516
-0.059970572,0.168602777,0.056302989
-0.012537649,0.211534498,0.126743198
0.027693416,0.257388274,0.197883144
0.059729265,0.304365917,0.267623615
0.082824876,0.349545372,0.334565138
0.095241872,0.391353227,0.397074991
0.095490212,0.427092199,0.453520457
0.075126339,0.454739328,0.502035567
0.036881993,0.472046881,0.535622951
-0.013531009,0.476767122,0.565478404
-0.071145867,0.472945975,0.596033594
-0.129754086,0.467776186,0.626588783
-0.184388866,0.466652319,0.655977745
-0.22958673,0.468450506,0.682567757
-0.264850997,0.471597334,0.705892329
-0.301605303,0.476092802,0.724551987
-0.33885629,0.481487364,0.737380502
-0.375362256,0.493625128,0.744144628
-0.409136484,0.516102469,0.749276034
-0.438937273,0.544873466,0.756506651
-0.462777904,0.575217876,0.763737269
-0.479416678,0.603089779,0.771201132
-0.487115216,0.628938721,0.779597978
-0.486618536,0.657260171,0.788927807
-0.482645097,0.687155035,0.800123602
-0.47618826,0.717724219,0.813185362
-0.461039525,0.747394309,0.833011249
-0.431238736,0.775715758,0.866365387
-0.388524272,0.801115154,0.908349618
-0.333889492,0.822693401,0.953366042
-0.269072775,0.839551407,1.003047381
-0.195315822,0.850565304,1.062058549
-0.114108672,0.855959866,1.128766826
-0.026941364,0.859331467,1.200839755
0.064696063,0.860005787,1.276877861
0.159810248,0.85888192,1.354781932
0.256662813,0.85685896,1.432452758
0.354012057,0.853712132,1.508257619
0.450119602,0.849216664,1.580097301
0.543992088,0.839551407,1.646339087
0.633891135,0.825615456,1.704883763
0.718326704,0.807408809,1.753865365
0.796305436,0.785830562,1.791651173
0.86584061,0.760880713,1.815908728
0.926187208,0.733458357,1.825005311
0.97535851,0.704013041,1.824772065
1.012112817,0.672769536,1.824072328
1.035208428,0.640626939,1.823139345
1.042906966,0.607810021,1.819407414
1.021798073,0.574993103,1.80214723
0.969398352,0.542400958,1.773458006
0.900608198,0.510932681,1.737771411
0.829831323,0.48058827,1.699752358
0.759054449,0.452491594,1.66196655
0.673625521,0.426642652,1.621381794
0.576772956,0.403715764,1.57799809
0.472221854,0.384160477,1.531582191
0.362952294,0.368426339,1.482833835
0.252689374,0.357187668,1.431519775
0.144661514,0.350894013,1.378106505
0.042593811,0.349994919,1.322827268
-0.050285315,0.354265614,1.265682066
-0.130747446,0.362357457,1.207137389
-0.195067482,0.373371354,1.147193238
-0.240265346,0.385733891,1.086316105
-0.262367598,0.398321202,1.024505988
-0.263360957,0.410234193,0.961996134
-0.260629218,0.41989945,0.899019789
-0.25640744,0.428440839,0.835810197
-0.251440642,0.413381021,0.772367361
-0.245977164,0.365504284,0.709391015
-0.241010365,0.308187065,0.646647916
-0.224123252,0.263007609,0.584604553
-0.183395506,0.222323622,0.523494174
-0.124538948,0.179616674,0.463083531
-0.001610693,0.135561085,0.404072363
0.187872658,0.09038163,0.346693915
0.377852689,0.044078307,0.290714942
0.501774303,-0.002899336,0.236835179
0.514936318,-0.049876978,0.184821383
0.491095687,-0.097528941,0.135140044
0.453844701,-0.144956131,0.088024408
0.413861975,-0.192158547,0.04370772
0.380584428,-0.238686643,0.002423227
0.351031978,-0.284540419,-0.035829071
0.314526012,-0.329045554,-0.070582684
0.274046606,-0.372426822,-0.099505154
0.230835462,-0.414234677,-0.123995955
0.185389259,-0.45401957,-0.146387544
0.139446376,-0.491781503,-0.16901238
0.093503492,-0.527070929,-0.194436164
0.049298989,-0.559887847,-0.222658896
0.007577884,-0.58978271,-0.252281103
-0.030666462,-0.616530746,-0.281670064
-0.06419235,-0.639907181,-0.30919306
-0.09200642,-0.659687241,-0.333450615
-0.112866972,-0.67542138,-0.353043256
-0.128015707,-0.687109597,-0.366105016
-0.139439343,-0.694302346,-0.371003176
-0.149621279,-0.696999627,-0.35934089
-0.161293255,-0.694077573,-0.329018946
-0.176690329,-0.685760957,-0.292632613
-0.196060842,-0.672948872,-0.250415137
-0.220646493,-0.657214734,-0.195835638
-0.250695622,-0.639232861,-0.132392801
-0.28322815,-0.620576668,-0.064751541
-0.315512338,-0.602145248,0.003122964
-0.345064787,-0.584837695,0.067265538
-0.369153759,-0.563933768,0.123711003
-0.384799173,-0.539208693,0.168260937
-0.389517631,-0.512460657,0.196950161
-0.378590675,-0.485263075,0.205580252
-0.353756684,-0.459638906,0.199282618
-0.318740757,-0.436936791,0.188320069
-0.277764672,-0.419404465,0.178756994
-0.234056848,-0.408615342,0.168027691
-0.170481831,-0.406367607,0.163362776
-0.084307883,-0.412661263,0.168027691
0.016518121,-0.4250238,0.179689977
0.123304282,-0.440083619,0.196716915
0.228103723,-0.455368211,0.217242539
0.321976209,-0.468180295,0.239867374
0.397223201,-0.481441927,0.262492209
0.444904464,-0.496052198,0.283484324
0.457569799,-0.51066247,0.303543456
0.450367942,-0.523924101,0.3257018
0.435219208,-0.534713225,0.349492864
0.413613635,-0.541681201,0.373750419
0.388034625,-0.543254614,0.397774729
0.360468895,-0.532915038,0.420166318
0.333399845,-0.511561564,0.440458696
0.304095735,-0.484139207,0.457485634
0.267589769,-0.456267305,0.471480377
0.225868664,-0.431092683,0.482909418
0.179677441,-0.399624405,0.486408104
0.131251159,-0.367931354,0.485708366
0.081334837,-0.346128333,0.484075646
0.032411875,-0.344330146,0.481743189
-0.015269388,-0.364110206,0.478710995
-0.059225552,-0.397376671,0.474745817
-0.098463258,-0.436262471,0.470080903
-0.131492465,-0.47177667,0.464716251
-0.156574796,-0.499873346,0.458885108
-0.17246855,-0.520327727,0.452354228
-0.177435349,-0.515607485,0.445123611
-0.140681042,-0.50077244,0.437659747
-0.070897528,-0.479643739,0.428329918
-0.014772708,-0.456267305,0.410136752
0.655000027,-0.434464284,0.383080248
0.608063784,-0.410638302,0.34809339
0.576027936,-0.381867306,0.306575651
0.53728691,-0.354894496,0.259926506
0.491840707,-0.336238303,0.20954543
0.443166085,-0.339160358,0.15659865
0.393249763,-0.378270931,0.102252397
0.343333441,-0.412436489,0.048139389
0.295652179,-0.447950688,-0.004574145
0.251696015,-0.482565794,-0.054955221
0.213203329,-0.514034071,-0.101137874
0.1819125,-0.540782107,-0.142189121
0.159561908,-0.56011262,-0.176476243
0.147641593,-0.570452197,-0.203066255
0.150621672,-0.571351291,-0.220559685
0.180670801,-0.571351291,-0.227557056
0.232325502,-0.571351291,-0.226390828
0.298135578,-0.571351291,-0.223358633
0.37288589,-0.56797969,-0.221026176
0.523379875,-0.560337394,-0.21916021
0.727515281,-0.549773043,-0.214495296
0.909796774,-0.533814131,-0.194202918
0.994729023,-0.508414736,-0.159682551
0.983305387,-0.475148271,-0.115599109
0.950772859,-0.434689057,-0.067083998
0.907313375,-0.388835281,-0.018802134
0.861867172,-0.338261264,0.035777366
0.822877806,-0.284765192,0.098520465
0.780908361,-0.22924616,0.167794445
0.734220458,-0.172828034,0.241500094
0.684552477,-0.117309001,0.318237937
0.634387815,-0.06313861,0.396375254
0.585464853,-0.012339819,0.473812835
0.540018649,0.034413051,0.549384449
0.500035924,0.075546585,0.620990886
0.467751736,0.11016169,0.686999426
0.445152804,0.137134499,0.746010594
0.434474188,0.159836614,0.795925179
0.440186006,0.180290994,0.835576952
0.467503396,0.198722414,0.86566565
0.50996952,0.215580419,0.890389697
0.561624221,0.231314558,0.913481023
0.694486073,0.246374377,0.939604544
0.818904367,0.260984648,0.96876026
0.815675949,0.275819693,0.996749747
0.774451524,0.291329059,1.01890809
0.708641448,0.307737518,1.030103885
0.625199238,0.325494617,1.030337131
0.532071772,0.345049904,1.029404148
0.436460907,0.366403378,1.027538182
0.34532016,0.389105492,1.023573005
0.266844749,0.416078302,1.016808879
0.195074515,0.44956954,1.00747905
0.114860725,0.494524222,0.995350272
0.031418515,0.554313949,0.977856843
-0.050285315,0.626466214,0.950567093
-0.124787288,0.708058962,0.914414006
-0.186623925,0.796170139,0.870330565
-0.230580089,0.888776784,0.819482997
-0.251192302,0.962052916,0.762804286
-0.22809669,1.02229219,0.701227415
-0.17246855,1.060054123,0.635918612
-0.127767367,1.07174234,0.567810861
-0.078596065,1.076687355,0.49807039
-0.027438043,1.082081917,0.427630181
0.024216658,1.087701252,0.357423218
0.07388464,1.093095814,0.28861573
0.120075863,1.098490376,0.222140699
0.160555268,1.104109711,0.158931108
0.193336136,1.11062814,0.100386431
0.216680087,1.117820889,0.04697316
0.228103723,1.127036599,0.000557261
0.223136925,1.139399137,-0.038861266
0.193336136,1.153559862,-0.069649701
0.146896573,1.168170133,-0.090875062
0.093006813,1.184353819,-0.101604366
0.033156894,1.203909106,-0.100904628
-0.052768714,1.224813033,-0.092041291
-0.157816496,1.245492186,-0.083877691
-0.270811155,1.264373153,-0.078513039
-0.381570754,1.279657745,-0.072915142
-0.478919999,1.289547775,-0.067317244
-0.552676952,1.292469829,-0.062185838
-0.591666317,1.281231159,-0.057287678
-0.506734068,1.25560699,-0.053322501
-0.253924041,1.219643244,-0.050057061
-0.14713788,1.177385843,-0.047957849
-0.043828477,1.127486146,-0.047024866
0.057245866,1.052187053,-0.054255484
0.15509179,0.95441062,-0.073614879
0.248219256,0.840675274,-0.098572171
0.335386564,0.716600352,-0.123062972
0.415600355,0.588254734,-0.140323156
0.487370589,0.461932077,-0.152918425
0.549952246,0.34347649,-0.165513694
0.601606947,0.238732081,-0.177875717
0.641341332,0.154217278,-0.188838266
0.667665363,0.095551418,-0.198401341
0.679834018,0.069028156,-0.205631958
0.6753639,0.064532688,-0.209830381
0.652516628,0.06206018,-0.210530118
0.612285563,0.058913352,-0.203299501
0.556657423,0.055991298,-0.192570198
0.487370589,0.051271056,-0.183473615
0.406163438,0.024972567,-0.172977557
0.314277672,-0.023353716,-0.161781762
0.214196688,-0.065386344,-0.151285705
0.106913847,-0.106519878,-0.142422367
-0.005335792,-0.149901146,-0.136357978
-0.121558869,-0.194631055,-0.134258767
-0.239271986,-0.239585737,-0.13519175
-0.357233443,-0.284090872,-0.137990698
-0.47370486,-0.327022594,-0.141955876
-0.586947859,-0.367706581,-0.14988623
-0.69522406,-0.404794194,-0.160382288
-0.796795082,-0.437835885,-0.172744311
-0.890170888,-0.465483014,-0.185106335
-0.973364758,-0.487061262,-0.196302129
-1.044886652,-0.501671533,-0.205165467
-1.102749851,-0.50998815,-0.210063627
-1.145712655,-0.515832258,-0.210763364
-1.171788346,-0.52190114,-0.210763364
-1.179238543,-0.527745249,-0.210763364
-1.167566567,-0.531566397,-0.21099661
-1.142732576,-0.531341624,-0.211696347
-1.112186767,-0.525722288,-0.212862576
-1.083379338,-0.518079992,-0.214495296
-1.061773766,-0.51133679,-0.216361262
-1.039174834,-0.503919268,-0.218693719
-1.017817602,-0.495827425,-0.221259422
-1.001675508,-0.488185129,-0.228723285
-0.99521867,-0.4816667,-0.243417765
-1.006890646,-0.477396005,-0.261610932
-1.032717996,-0.476272138,-0.279570853
-1.055813608,-0.483689661,-0.296831036
-1.074439101,-0.500547666,-0.316656923
-1.094057954,-0.523249781,-0.338348775
-1.111441748,-0.548649176,-0.36097361
-1.123858743,-0.573599025,-0.3833652
-1.127832182,-0.596301139,-0.404823806
-1.112435107,-0.621700535,-0.424183201
-1.080895939,-0.649797211,-0.440743648
-1.04886009,-0.680366395,-0.453338917
-1.031476297,-0.712508993,-0.461269271
-1.026757838,-0.74532591,-0.464767957
-1.027502858,-0.778592375,-0.466867169
-1.041906573,-0.811634067,-0.46733366
-1.059538707,-0.843551891,-0.465001203
-1.075184121,-0.873671528,-0.452172688
-1.092816254,-0.901768204,-0.42371671
-1.111690087,-0.926942826,-0.387097131
-1.129818901,-0.948521074,-0.349777815
-1.146209335,-0.965828626,-0.3124585
-1.15937135,-0.978415937,-0.268141812
-1.167566567,-0.985383913,-0.218460473
-1.169553286,-0.986283007,-0.165980185
-1.148692734,-0.979989351,-0.112333669
-1.100763131,-0.971897508,-0.05938689
-1.030979617,-0.964255212,-0.009472305
-0.945054008,-0.95616337,0.035077628
-0.848946463,-0.94762198,0.073329927
-0.746630421,-0.93908059,0.102252397
-0.593901377,-0.930314427,0.120445563
-0.380329055,-0.922222585,0.126743198
-0.124538948,-0.914355515,0.129308901
0.15434677,-0.907612313,0.130475129
0.437702607,-0.901992978,0.131641358
0.706903068,-0.897497509,0.132574341
0.942577642,-0.893226815,0.133274078
1.126100835,-0.888731346,0.132807587
1.238350474,-0.883336785,0.129308901
1.261446086,-0.876144035,0.123244512
1.208549685,-0.866703552,0.11461442
1.134296052,-0.806689052,0.104351608
1.077674553,-0.713857633,0.093155814
1.016831275,-0.602145248,0.081493527
0.952511239,-0.546401442,0.069831241
0.887942862,-0.532240717,0.052104566
0.825857885,-0.5205525,0.03227868
0.769733065,-0.508864283,0.01315253
0.721803463,-0.47245099,-0.007139847
0.685794176,-0.436936791,-0.031863894
0.664436944,-0.400748272,-0.060086627
0.660711845,-0.366582714,-0.091108308
0.673377181,-0.336238303,-0.124695692
0.698459511,-0.312412322,-0.160382288
0.732233739,-0.296902956,-0.198168095
0.770974765,-0.286338606,-0.237819868
0.81095749,-0.27869631,-0.27863787
0.852926935,-0.271054014,-0.3206221
0.92221377,-0.261838304,-0.363539313
1.035953448,-0.2483519,-0.406923018
1.176017157,-0.227897519,-0.450773214
1.317819245,-0.201374257,-0.494390164
1.436525722,-0.165410511,-0.537540623
1.508047616,-0.125176071,-0.580457836
1.498362359,-0.088313232,-0.622208821
1.380152562,-0.057744048,-0.662793576
1.254492568,-0.028973051,-0.702212104
1.134047712,-0.004922296,-0.739531419
0.999447482,0.011710936,-0.774984769
0.857148713,0.022724833,-0.808105662
0.713608246,0.03306441,-0.838427606
0.575282916,0.043853534,-0.866183847
0.448877903,0.054193111,-0.890441403
0.340601702,0.064307914,-0.911433518
0.257159493,0.074422718,-0.928693701
0.205008112,0.084987068,-0.941755462
0.190604397,0.095776192,-0.950385554
0.20972657,0.107239636,-0.954583977
0.249460955,0.119826947,-0.952251519
0.297638898,0.133313351,-0.938723267
0.342836761,0.151295224,-0.917031415
0.393746443,0.171524831,-0.89114114
0.454093041,0.189956251,-0.864084636
0.516923038,0.209286764,-0.837261378
0.575034577,0.230190691,-0.807639171
0.6212258,0.251768939,-0.775451261
0.64829485,0.273122413,-0.740697648
0.644321411,0.293127246,-0.704311315
0.615762322,0.310884346,-0.665825771
0.598875208,0.325494617,-0.625940752
0.582733114,0.336058968,-0.58512275
0.570067778,0.341678303,-0.54313852
0.563114261,0.338981022,-0.500687799
0.571309478,0.320774376,-0.457770585
0.600116907,0.293127246,-0.414853372
0.630166036,0.26435625,-0.372169405
0.662946904,0.241878909,-0.329951929
0.690760974,0.221424528,-0.28843419
0.705413029,0.199621507,-0.24808268
0.645811451,0.17804326,-0.209130644
0.556905763,0.1582632,-0.171811328
0.487370589,0.141629967,-0.136357978
0.416345374,0.129492203,-0.103237086
0.344078461,0.123648095,-0.07244865
0.271314867,0.128143563,-0.044459163
0.197806254,0.14837317,-0.019501871
0.124049301,0.17871758,0.000557261
0.050540688,0.212658365,0.016884462
-0.022471245,0.244351416,0.032745171
-0.094986499,0.274471053,0.051404829
-0.166508393,0.308636611,0.070530978
-0.236788587,0.345948998,0.078461333
-0.305330402,0.385284344,0.072163699
-0.372133838,0.425743558,0.056769481
-0.436702214,0.465977999,0.035077628
-0.498538851,0.504863799,0.009653845
-0.55789209,0.541726638,-0.016702922
-0.613768569,0.575217876,-0.041426969
-0.66641663,0.60443842,-0.062185838
-0.715339592,0.628039628,-0.083877691
-0.760289116,0.645122407,-0.107202263
-0.800768521,0.65456289,-0.13192631
-0.836777808,0.646920594,-0.157116848
-0.867820297,0.576566517,-0.18207414
-0.893399307,0.514753829,-0.20609845
-0.91376318,0.466652319,-0.228490039
-0.928166894,0.416977395,-0.248315926
-0.936362111,0.366178605,-0.265109618
-0.937852151,0.314930267,-0.277938133
-0.930650294,0.263232383,-0.286101733
-0.920965037,0.211759272,-0.288900682
-0.915998239,0.160735707,-0.274905938
-0.91301816,0.110611237,-0.240152325
-0.924938476,0.061835407,-0.194902655
-0.969887999,0.014857764,-0.149652985
-1.026757838,-0.029872145,-0.105103051
-1.072949062,-0.072129546,-0.051223289
-1.111193408,-0.111464893,0.008720862
-1.137517438,-0.147653412,0.071697207
-1.128825541,-0.180020783,0.134207061
-1.088346136,-0.208117459,0.192518492
-1.028247878,-0.231943441,0.243832551
-0.957967684,-0.250599634,0.284417307
-0.847208084,-0.264086039,0.310774074
-0.699694178,-0.271728335,0.319404166
-0.536286518,-0.273076975,0.310074337
-0.377100636,-0.267232866,0.287449501
-0.242997085,-0.254420782,0.256661066
-0.154339737,-0.236438909,0.222840436
-0.115598711,-0.214411115,0.190885772
-0.0912614,-0.18968604,0.165461988
-0.060715591,-0.162263684,0.140504696
-0.025699664,-0.115960361,0.114147929
0.01800816,-0.055721087,0.086391688
0.061715984,0.009013655,0.058168955
0.109148907,0.068353836,0.029479731
0.159810248,0.112634197,0.001490244
0.212954989,0.141405194,-0.026499243
0.267093089,0.164107308,-0.053089255
0.321479529,0.189057157,-0.078513039
0.37512095,0.225245676,-0.101837611
0.426775651,0.28615927,-0.122829726
0.475698613,0.368651112,-0.141022893
0.520896476,0.464179812,-0.155950619
0.561127542,0.564203979,-0.16737966
0.595398449,0.659957452,-0.174610277
0.622715839,0.742449294,-0.177409226
0.642086352,0.803362888,-0.166913168
0.652764968,0.833707298,-0.136357978
0.462784938,0.830335697,-0.093207519
0.302357356,0.806060169,-0.0451589
0.156581829,0.764477088,0.000557261
0.029928476,0.707834189,0.048372635
-0.073629267,0.639053525,0.102252397
-0.149869619,0.560158058,0.160097336
-0.194074123,0.474069842,0.220741224
-0.203014359,0.383486157,0.282784587
-0.182153807,0.290429965,0.344361458
-0.141674402,0.198048093,0.404538855
-0.09026804,0.108363503,0.461450811
-0.03637828,0.024073474,0.513697853
0.011799662,-0.051899939,0.560113752
0.069662861,-0.117533775,0.598366051
0.09921531,-0.16990598,0.627055275
0.041848791,-0.206768819,0.653878533
-0.06518571,-0.225425012,0.685599952
-0.212699616,-0.224076371,0.72058681
-0.414599962,-0.205644952,0.755573669
-0.654247975,-0.174850995,0.787295087
-0.91425986,-0.136639515,0.812485625
-1.177500163,-0.09483166,0.827879843
-1.427330112,-0.05459722,0.830912037
-1.646117572,-0.01706006,0.824614403
-1.81722377,0.037784652,0.812252379
-1.923264911,0.130840844,0.794992196
-1.948843922,0.239855948,0.774466572
-1.922271551,0.3349351,0.751841737
-1.875335309,0.387756852,0.728983656
-1.827654046,0.409559873,0.707058558
-1.786677961,0.424619691,0.687465917
-1.743963497,0.440578603,0.669972488
-1.699758993,0.456762289,0.650146602
-1.655057809,0.473170748,0.629154486
-1.610604965,0.492276488,0.60769588
-1.567145481,0.523744765,0.587403502
-1.525672716,0.56757558,0.56897709
-1.48693169,0.620622105,0.553816118
-1.451915763,0.677939325,0.543086814
-1.421618294,0.735256545,0.537488917
-1.396287624,0.788303069,0.539588129
-1.372695332,0.832358658,0.550317432
-1.349599721,0.863377389,0.566877878
-1.327994148,0.87663902,0.584837799
-1.305395217,0.871019685,0.605829914
-1.278574507,0.852363491,0.632653172
-1.249518737,0.823367722,0.662275379
-1.217482889,0.787403976,0.693063815
-1.178245183,0.747843856,0.727817427
-1.127583842,0.707609415,0.766302972
-1.051840169,0.6637786,0.807587465
-0.922951756,0.612530262,0.851437661
-0.74911382,0.554763496,0.896920577
-0.542246675,0.492051714,0.943336476
-0.314270639,0.425743558,0.990218866
-0.076361006,0.356513348,1.036634765
0.159313568,0.28615927,1.082350927
0.381577787,0.215355646,1.126434369
0.578262995,0.145900662,1.168185354
0.737945557,0.078918186,1.207137389
0.848953496,0.015307311,1.242590739
0.899366498,-0.048977885,1.273845666
0.882976064,-0.107868518,1.300202433
0.823374486,-0.146529545,1.320961302
0.754087651,-0.182043744,1.335889029
0.698956191,-0.216658849,1.343586138
0.641092992,-0.250150087,1.340787189
0.579008015,-0.282742232,1.307899542
0.514439639,-0.313985736,1.2556525
0.448629563,-0.344105373,1.199906772
0.383316167,-0.372876369,1.154890347
0.31998949,-0.400523499,1.110107168
0.260387911,-0.426821988,1.063224778
0.206001471,-0.451771836,1.014709667
0.158568549,-0.475148271,0.965261574
0.119330843,-0.497176065,0.915113743
0.090026734,-0.517855219,0.865432404
0.0723946,-0.536736186,0.816450802
0.068421162,-0.554268512,0.768868675
0.09871863,-0.57000265,0.723152513
0.15409843,-0.583264281,0.680002054
0.220405186,-0.593154312,0.640117035
0.321976209,-0.601246154,0.604197194
0.419573793,-0.609562771,0.572475776
0.464523317,-0.61675552,0.545652517
0.444159444,-0.619228027,0.524427157
0.394988142,-0.613608692,0.509266184
0.339608343,-0.603718662,0.498770127
0.298383918,-0.592255218,0.490606527
0.259891232,-0.577644946,0.483609155
0.220653526,-0.560337394,0.475445555
0.183650879,-0.54100688,0.464949497
0.153353411,-0.520102953,0.453753702
0.133237878,-0.498075159,0.440925187
0.12727772,-0.476047365,0.425064478
0.142178115,-0.45401957,0.403839117
0.174958983,-0.433115643,0.345527687
0.216928427,-0.413560357,0.279052655
0.259891232,-0.396252804,0.241266848
0.304344075,-0.381417759,0.204414024
0.355005417,-0.369954315,0.168494182
0.410633557,-0.362312019,0.133973815
0.468993435,-0.358940418,0.101086168
0.529091693,-0.359839511,0.070297733
0.589189951,-0.361862472,0.041608509
0.64705315,-0.364559753,0.015484988
0.713856586,-0.367931354,-0.007606339
0.808225751,-0.372202049,-0.027665471
0.92246211,-0.37624797,-0.044225918
1.051102183,-0.380743439,-0.057054432
1.188682492,-0.383890266,-0.065451278
1.329491221,-0.377821384,-0.070349439
1.46781655,-0.341632865,-0.076180582
1.598443343,-0.290834074,-0.083411199
1.71541144,-0.244980299,-0.090875062
1.813257364,-0.207443139,-0.097872434
1.886517638,-0.167883019,-0.103703577
1.929232102,-0.127648578,-0.107902
1.93593728,-0.088313232,-0.111400686
1.90613649,-0.051450392,-0.114199635
1.847031592,-0.018183927,-0.116765338
1.768307841,0.009912749,-0.119331041
1.678408794,0.031490996,-0.122363235
1.586523027,0.045876495,-0.125861921
1.494140581,0.056440845,-0.130526835
1.376675804,0.064982234,-0.137290961
1.238598814,0.072399757,-0.14825351
1.089098189,0.079592506,-0.162015008
0.936120805,0.086560482,-0.177409226
0.789103578,0.092629364,-0.193503181
0.655993387,0.098248699,-0.208897398
0.545978807,0.103643261,-0.224991353
0.467751736,0.10948737,-0.242951274
0.42925905,0.116005799,-0.262777161
0.415352015,0.123423321,-0.28353603
0.406163438,0.132414258,-0.305461128
0.396229842,0.144552022,-0.327619472
0.386544585,0.160735707,-0.350011061
0.370899171,0.180290994,-0.372169405
0.348300239,0.201869241,-0.393628011
0.31874779,0.224571356,-0.414153635
0.282490163,0.247498244,-0.433046539
0.239527359,0.270200358,-0.450306722
0.189859377,0.296498847,-0.465467694
0.123800961,0.326168937,-0.478062963
0.040607092,0.358536309,-0.487626038
-0.057983852,0.39225232,-0.493923673
-0.169736811,0.426417879,-0.496489376
-0.292168387,0.46013389,-0.487392792
-0.423291859,0.492276488,-0.459636551
-0.560623829,0.521946578,-0.426049167
-0.701929237,0.548245067,-0.391062308
-0.845221365,0.570272861,-0.346045884
-0.987768473,0.58668132,-0.295664808
-1.127832182,0.59657135,-0.244350748
-1.262929092,0.598819084,-0.197001866
-1.390824146,0.580162891,-0.158982814
-1.509033942,0.542400958,-0.134725258
-1.615820103,0.495872862,-0.130060344
-1.708699229,0.451142954,-0.163181237
-1.785187921,0.407087365,-0.220093193
-1.84329946,0.356962895,-0.27537243
-1.880550447,0.302118183,-0.3206221
-1.894954161,0.244351416,-0.368204228
-1.87036851,0.185236009,-0.41718583
-1.802820055,0.126120602,-0.46570094
-1.718632826,0.068803382,-0.512350085
-1.638419035,0.014857764,-0.555733789
-1.551251727,-0.034367613,-0.594219334
-1.455640862,-0.077299334,-0.626407244
-1.35208312,-0.112139213,-0.650664799
-1.2418202,-0.137763382,-0.667458491
-1.125845462,-0.152373654,-0.680287006
-1.004655587,-0.159566403,-0.691249555
-0.879492272,-0.164736191,-0.703145087
-0.751100539,-0.17125462,-0.716673339
-0.620473747,-0.179121689,-0.732534048
-0.488605255,-0.187887852,-0.756558357
-0.356240083,-0.196654015,-0.788513021
-0.224371592,-0.205195405,-0.825832337
-0.093993139,-0.213062474,-0.86548411
0.033653574,-0.219805677,-0.905135883
0.158568549,-0.224975465,-0.946653622
0.279261745,-0.227897519,-0.991436801
0.394739802,-0.361862472,-1.039018929
0.504257702,-0.387037094,-1.089166759
0.607070425,-0.428844948,-1.141647047
0.70168793,-0.479868513,-1.195993301
0.787861879,-0.53179117,-1.251972274
0.864350571,-0.576745853,-1.308884231
0.930160647,-0.606640716,-1.366962416
0.984547087,-0.617205066,-1.425507092
1.026516532,-0.623723495,-1.484285015
1.055323961,-0.629118057,-1.543062937
1.069727676,-0.633388752,-1.601374368
0.933885745,-0.6372099,-1.658752816
0.765262947,-0.640581501,-1.715198281
0.605083706,-0.644177876,-1.770011026
0.443911104,-0.64777425,-1.823191051
0.283235183,-0.652044945,-1.874271865
0.124297641,-0.656765187,-1.922786975
-0.031411482,-0.661260655,-1.968503137
-0.182898827,-0.665756123,-2.011187104
-0.328674353,-0.670026818,-2.050372386
-0.467496363,-0.673847966,-2.085825736
-0.597874815,-0.67744434,-2.117313909
-0.718816351,-0.681490262,-2.144137167
-0.828830931,-0.685536183,-2.166295511
-0.926428515,-0.690031651,-2.183089203
-1.010615744,-0.69520144,-2.194751489
-1.079902579,-0.701045549,-2.200349386
-1.13304732,-0.708013524,-2.194751489
-1.168808267,-0.718128328,-2.167928231
-1.18569538,-0.747798418,-2.125944
-1.185198701,-0.796574248,-2.078361873
-1.177251824,-0.862882404,-2.025881585
-1.165083168,-0.944250379,-1.97106884
-1.148196054,-1.037980891,-1.915789603
-1.123610403,-1.141601433,-1.862842824
-1.092319575,-1.252414725,-1.814094468
-1.056061948,-1.367498711,-1.771876992
-1.013595823,-1.484605658,-1.738756099
-0.943812309,-1.601038284,-1.71636451
-0.866826937,-1.71409931,-1.704702224
-0.765255914,-1.821091453,-1.69723836
-0.647294457,-1.919542207,-1.688375023
-0.520392763,-2.006979064,-1.679045194
-0.39175269,-2.080255196,-1.663184485
-0.268824435,-2.137122868,-1.61980078
-0.158809855,-2.174884801,-1.555424961
-0.069159148,-2.191068487,-1.490349404
-0.007074171,-2.18140323,-1.435303413
0.020243219,-2.149710179,-1.376525491
-0.142171082,-2.109026192,-1.316814585
-0.314767319,-2.072837673,-1.259902629
-0.498538851,-2.040919849,-1.209521552
-0.687773862,-2.007878157,-1.169636534
-0.877008873,-1.974162146,-1.14421275
-1.060532066,-1.939996587,-1.128818532
-1.232383283,-1.905156709,-1.117389492
-1.386850707,-1.87031683,-1.107826417
-1.518222519,-1.835476951,-1.098263342
-1.621283581,-1.800861846,-1.087534039
-1.689577056,-1.766696288,-1.077970964
-1.718136146,-1.732980276,-1.069340873
-1.711679308,-1.700163358,-1.059544552
-1.689328717,-1.668245534,-1.046949283
-1.655554489,-1.63767635,-1.030155591
-1.614081724,-1.608231033,-0.979541269
-1.56938054,-1.580359131,-0.892074123
-1.525176036,-1.554285415,-0.808805399
-1.472279636,-1.530009887,-0.727402642
-1.407959599,-1.509105959,-0.64623313
-1.334202646,-1.493596594,-0.564830373
-1.254237195,-1.481009283,-0.482727878
-1.169801626,-1.469770613,-0.3996924
-1.083876018,-1.457183302,-0.315024203
-0.998943769,-1.439650976,-0.228256793
-0.916991599,-1.416049767,-0.139156927
-0.840999586,-1.387728318,-0.047258112
-0.773202791,-1.3549114,0.047672898
-0.716332952,-1.31804856,0.14680233
-0.672625128,-1.278263667,0.24989694
-0.644562718,-1.236006266,0.357656464
-0.634629122,-1.191725904,0.470547394
-0.643321019,-1.146096901,0.588802976
-0.66616829,-1.100018352,0.713122947
-0.698452478,-1.05371503,0.905084177
-0.734710105,-1.008086027,0.997915975
-0.770222712,-0.963580892,1.078852241
-0.800271841,-0.920873944,1.15092517
-0.827589231,-0.880639504,1.21530099
-0.85813504,-0.843551891,1.274312158
-0.888432509,-0.810060653,1.329358149
-0.915998239,-0.781064883,1.382304928
-0.937852151,-0.756564581,1.435251707
-0.950765826,-0.73476156,1.489597961
-0.951262506,-0.713857633,1.5474429
-0.929160254,-0.691380292,1.610652491
-0.887687489,-0.668003857,1.680626208
-0.833797729,-0.625072136,1.76995932
-0.773699471,-0.553818965,1.872587439
-0.714594572,-0.460088453,1.933231327
-0.662939871,-0.347027427,1.991076266
-0.618735367,-0.218457036,2.049154451
-0.573785844,-0.077524108,2.106532899
-0.52908466,0.07195021,2.162978365
-0.486370196,0.227043863,2.217557864
-0.44663581,0.383935704,2.270038152
-0.411371543,0.539478904,2.319719491
-0.382564114,0.690301862,2.36613539
-0.357978463,0.832358658,2.408586111
-0.332151112,0.962952009,2.44683841
-0.300860284,1.076462582,2.479959303
-0.265596016,1.171991281,2.507715544
-0.22735167,1.309103062,2.529174151
-0.185878906,1.478132666,2.544335123
-0.141177722,1.667391878,2.552032231
-0.101443336,1.865417253,2.550866003
-0.049043616,2.060745346,2.534305556
0.162045307,2.241687942,2.505616332
1.252754189,2.396781595,2.469463245
1.404489874,2.514562862,2.430977701
1.460118013,2.583568299,2.394824614
1.511772714,2.609866788,2.358671527
1.60639022,2.623353193,2.319719491
1.764086062,2.63571573,2.278434998
1.936682299,2.658417845,2.235517785
2.069047471,2.794855305,2.191201097
2.108285177,2.877122373,2.146417918
2.07252423,2.956692161,2.101168248
2.022359568,3.033339894,2.056385069
1.993552138,3.106616026,2.012534873
1.967724788,3.175621463,1.969850905
1.941649097,3.240131431,1.928799658
1.915325067,3.299471612,1.890780605
1.889249377,3.353192457,1.860925153
1.863670366,3.400394873,1.836667597
1.838339695,3.44107886,1.813343025
1.813754044,3.474120552,1.78908547
1.789913413,3.499519947,1.764361423
1.767314481,3.516377953,1.739170885
1.745957249,3.524020249,1.713513855
1.726090056,3.524469796,1.688090071
1.707961243,3.523345929,1.662666288
1.691570809,3.521547741,1.637708995
1.677167094,3.51885046,1.613218194
1.664998438,3.515478859,1.589660376
1.655313182,3.511432938,1.567035541
1.648359665,3.506712696,1.545576934
1.644137886,3.501542908,1.525517802
1.642896187,3.495474026,1.506858144
1.648111325,3.48918037,1.490064452
1.66052832,3.482212395,1.475369972
1.677663774,3.474794872,1.462774702
1.697530967,3.446248649,1.452511891
1.718143179,3.404665568,1.444814782
1.737513692,3.36330726,1.439916622
1.761105983,3.317678258,1.438050656
1.789168393,3.268452881,1.446913993
1.819714202,3.215855903,1.471404794
1.850260011,3.161011191,1.500094018
1.87857076,3.104143518,1.528783242
1.902659732,3.045927205,1.565402821
1.920043525,2.986811798,1.604821348
1.928735422,2.927471617,1.64237391
1.920788545,2.86835621,1.672929099
1.889249377,2.81036467,1.691588757
1.85299175,2.753721771,1.691122266
1.811022305,2.699101832,1.657768127
1.761851003,2.647179174,1.602955382
1.706719543,2.598628118,1.543477723
1.647117965,2.553673436,1.491463926
1.584287968,2.512989448,1.437117673
1.519719592,2.477475249,1.378806242
1.454406195,2.447130839,1.317229371
1.390086159,2.423080084,1.25238706
1.328001182,2.405772532,1.184979046
1.269144623,2.395432955,1.11547182
1.215503203,2.394533861,1.04456512
1.16807028,2.426002138,0.972492191
1.128087555,2.460167697,0.89948628
1.097045066,2.500402137,0.826480369
1.076184513,2.53748975,0.753940949
1.067244277,2.563338692,0.68186802
1.08711147,2.569407574,0.61096132
1.132060993,2.556370717,0.541920586
1.177258857,2.528723587,0.475212309
1.22220838,2.490512107,0.410836489
1.245303992,2.445332652,0.349492864
1.238847154,2.396107275,0.29188117
1.218731621,2.336542321,0.238234654
1.189427512,2.264839603,0.189019806
1.156149964,2.181898215,0.144936364
1.123617436,2.088617249,0.106217574
1.091084908,1.985895801,0.073563173
1.051102183,1.874632962,0.04697316
1.006152659,1.755727828,0.027613765
0.958223057,1.630304265,0.015251742
0.909796774,1.49881182,0.010820073
0.862860531,1.362823907,0.250363431
0.820146067,1.222565299,0.565011912
0.7836401,1.079384636,0.899719526
0.755577691,0.934181013,1.160021753
0.738442237,0.787628749,1.25075434
0.734717138,0.641076486,1.172850268
0.754832671,0.494973769,1.044331874
0.796305436,0.350444466,0.920478395
0.849946856,0.20838767,0.796624916
0.938604204,0.069477703,0.666707048
1.094064987,-0.06448725,0.523960665
1.240088854,-0.193731961,0.361621641
1.296958693,-0.316683017,0.173858834
1.267902923,-0.432666096,-0.046325129
1.22394676,-0.540557333,-0.305461128
1.170056999,-0.639457634,-0.610313289
1.106481982,-0.728917452,-1.0296891
1.037691828,-0.807363372,-1.56638751
0.967908313,-0.874345848,-1.907859249
0.902346577,-0.928741013,-2.239534668
0.845476738,-0.969649774,-2.55628236
0.802017254,-0.996173037,-2.854836887
0.776189903,-1.007186934,-3.130533332
0.763772908,-0.977516844,-3.37987301
0.75607437,-0.870974247,-3.597724516
0.749865873,-0.669802045,-3.780589163
0.743160695,-0.038638308,-3.936630552
0.732978759,0.757509112,-4.09220545
0.713359906,1.291121189,-4.245914382
0.665678643,1.327984028,-4.395658136
0.594653429,1.290222095,-4.539570748
0.508479481,1.239423304,-4.67578625
0.381081107,1.195142943,-4.801738941
0.184644239,1.157830556,-4.915329608
-0.043580138,0.92541485,-5.014692287
-0.266837716,0.380564103,-5.097727764
-0.44663581,-0.360289058,-5.162103584
-0.545971774,-1.18026246,-5.20595378
-0.541749996,-2.070365165,-5.227179141
-0.4751949,-3.317183274,-5.226012912
-0.367415379,-3.882937948,-5.210618695
-0.235795227,-4.156037642,-5.182629208
-0.097966578,-4.394971777,-5.142044452
0.028686776,-4.592322831,-5.089564164
0.1265327,-4.741572376,-5.025654836
0.178684081,-4.835527662,-4.950782958
1.946615896,-4.866995939,-4.865181778
1.861435307,-4.870142767,-4.770017523
1.783704915,-4.873064821,-4.665056947
1.71416974,-4.875537329,-4.550999788
1.653078123,-4.877560289,-4.428312538
1.600926742,-4.879133703,-4.297694932
1.557715598,-4.88025757,-4.159613464
1.52394137,-4.880931891,-4.013834887
1.500100739,-4.881381437,-3.861758675
1.486442044,-4.881156664,-3.703618075
-3.243936549,-4.87958325,-3.539646331
-4.96443544,-4.876661196,-3.37007669
-5.913838914,-4.872390501,-3.196308626
-5.911603854,-4.866995939,-3.017875647
-5.898441839,-4.86047751,-2.835943983
-5.877084607,-4.852610441,-2.650280387
-5.848028838,-4.843619504,-2.352192352
-5.811274531,-4.833729474,-1.8341536
-5.767815047,-4.818220109,-1.195993301
-5.718147065,-4.771692013,-0.538706851
-5.662270586,-4.693470866,0.033678154
-5.601427308,-4.588052137,0.421099301
-5.535368892,-4.459931293,0.685833197
-5.464840358,-4.313828576,0.944269459
-5.390586725,-4.153789908,1.187777994
-5.313104673,-3.984535529,1.409128186
-5.232394203,-3.810336136,1.600622925
-5.149448673,-3.63591197,1.754565103
-5.064516424,-3.465308951,1.862791118
-4.978094135,-3.303472096,1.918303601
-4.890678487,-3.154672098,1.912472457
-4.803014499,-3.023404426,1.886115691
-4.715102171,-2.914164549,1.864423838
-4.627934863,-2.83122316,1.848796375
-4.541760915,-2.775029807,1.836434352
-4.457325346,-2.733221953,1.82453882
-4.374876496,-2.690515005,1.813109779
-4.294662705,-2.633197785,1.802380476
-4.217677333,-2.503503528,1.79235091
-4.14392038,-2.283000812,1.783021081
-4.074385205,-2.047663051,1.774857481
-4.009320149,-1.875936165,1.767860109
-3.949221891,-1.796141605,1.762028966
-3.894587111,-1.721067286,1.757597297
-3.852617666,-1.648015927,1.754098611
-3.78705593,-1.574515022,1.751532908
-3.608747876,-1.500789343,1.749200451
-3.340044094,-1.427063665,1.747567731
-3.013725453,-1.353787533,1.745935011
-2.662076141,-1.280960948,1.744535536
-2.317132007,-1.20925823,1.742669571
-2.011425579,-1.138454605,1.740803605
-1.777241044,-1.069224395,1.738237902
-1.647110932,-1.001567598,1.734972462
-1.606134847,-0.935933763,1.731007285
-1.581797536,-0.872547661,1.689956037
-1.563172043,-0.811634067,1.656368653
-1.540324771,-0.753417753,1.629078903
-1.506302203,-0.700371228,1.605054594
-1.46135268,-0.655416546,1.580797039
-1.40572454,-0.616305973,1.556306238
-1.331967587,-0.582365188,1.531582191
-1.224436406,-0.546626216,1.506624898
-1.0769225,-0.501671533,1.481667606
-0.896876066,-0.443005673,1.456477068
-0.692243981,-0.360738605,1.431753021
-0.470973121,-0.233516855,1.407028974
-0.240762026,-0.062239516,1.382538174
-0.00980591,0.140281327,1.358513864
0.213948348,0.361233589,1.334956046
0.422802212,0.587130867,1.311864719
0.608808804,0.805161075,1.28947313
0.763027888,1.001613036,1.267548032
0.873042468,1.163674665,1.246555917
0.993735664,1.278309104,1.226263539
1.123120756,1.332479496,1.207137389
1.254740908,1.334952004,1.188944223
1.382387622,1.334952004,1.171684039
1.499604059,1.33472723,1.15582333
1.600430062,1.333153817,1.14112885
1.677912114,1.330006989,1.127833843
1.729566815,1.312699436,1.115938311
1.761602663,1.273364089,1.1056755
1.790410093,1.228634181,1.097278654
1.819465862,1.179858351,1.091914002
1.848521631,1.122541131,1.087249087
1.876832381,1.058480709,1.082584173
1.904149771,0.988800952,1.078618996
1.929977122,0.915075273,1.074887064
1.953817753,0.838877087,1.071388378
1.975671665,0.761779807,1.067656447
1.994545498,0.684682527,1.063458024
2.010190912,0.609608208,1.058793109
2.022359568,0.537680717,1.053428458
2.030306445,0.470473467,1.046664332
2.034031544,0.409559873,1.030803622
2.031796484,0.356288574,1.018208353
2.022856248,0.312008213,1.011210982
2.007955853,0.278292201,0.999781941
1.98883368,0.25648918,0.981122283
1.966483088,0.248172564,0.957564465
1.942890797,0.510033587,0.930741207
1.918801826,0.728962889,0.902984966
1.895706214,0.897318174,0.876161708
1.869382184,0.960254729,0.852137398
1.837843015,0.960254729,0.831145283
1.802082068,0.960254729,0.811319397
1.763589382,0.960254729,0.791260264
1.723606657,0.958906088,0.769568412
1.683375592,0.956433581,0.745544102
1.643889546,0.953286753,0.719653827
1.60663856,0.949465605,0.692130832
1.572615992,0.944970137,0.663441608
1.543311883,0.940249895,0.633819401
1.519719592,0.93530488,0.603497457
1.503080818,0.930359865,0.571542793
1.494637261,0.924066209,0.53678918
1.49687232,0.915974367,0.500169601
1.510531015,0.90698343,0.46261704
1.528411488,0.898442041,0.425064478
1.543063543,0.889675878,0.388911391
1.5502654,0.880235394,0.35462427
1.556722238,0.870120591,0.323136097
1.560944016,0.858657147,0.295846347
1.562434056,0.844496422,0.272988267
1.55225212,0.826964096,0.252695889
1.528411488,0.807184036,0.234269476
1.49513394,0.787179202,0.216309556
1.457882954,0.768523009,0.197649898
1.420880308,0.751215457,0.176657783
1.389341139,0.732784037,0.151233999
1.36053371,0.71322875,0.122311529
1.328746201,0.692999143,0.092456076
1.298448732,0.67231999,0.061667641
1.273863081,0.651865609,0.031578943
1.259956046,0.631411229,0.004055947
1.257720987,0.611855942,-0.023000557
1.256727628,0.593199749,-0.050990044
1.255982608,0.575667423,-0.079679268
1.255485928,0.560158058,-0.108368492
1.254989248,0.54644688,-0.136591224
1.254492568,0.535208209,-0.164114219
1.253747549,0.526442046,-0.190004495
1.252754189,0.520822711,-0.214028804
1.25126415,0.518574977,-0.235254165
1.24952577,0.51947407,-0.253680577
1.246794031,0.522396125,-0.268375058
1.241827233,0.527116366,-0.279104361
1.225188459,0.533410022,-0.285401996
1.200851148,0.541052318,-0.288900682
1.174527118,0.549368934,-0.292865859
1.144974668,0.558584644,-0.29823051
1.111200441,0.568025127,-0.303361916
1.073701114,0.57746561,-0.306860602
1.033221709,0.586906094,-0.307327094
0.990010565,0.59589703,-0.306160865
0.945061041,0.603988873,-0.304294899
0.899118158,0.610956849,-0.301729196
0.852181915,0.616800957,-0.298930248
0.805245672,0.620846879,-0.296131299
0.759054449,0.623094613,-0.292632613
0.713856586,0.622195519,-0.288200944
0.670397102,0.612305489,-0.283069538
0.629421017,0.59522271,-0.277471641
0.591425011,0.573194916,-0.271174007
0.556905763,0.549368934,-0.264876372
0.526608294,0.525767726,-0.258578737
0.501277623,0.505088572,-0.252047857
0.481162091,0.489579207,-0.245750223
0.467006716,0.474968935,-0.23991908
0.459556519,0.46080821,-0.234554428
0.45583142,0.447097032,-0.229656268
0.452851341,0.434284948,-0.22569109
0.450367942,0.423046277,-0.222658896
0.448381223,0.413830568,-0.220559685
0.446642843,0.406637818,-0.219859947
0.445152804,0.401243257,-0.221026176
0.443662765,0.396523015,-0.22405837
0.441924385,0.392701867,-0.227790302
0.440682686,0.389105492,-0.232221971
0.439440986,0.385733891,-0.237586622
0.438447626,0.382587063,-0.243651011
0.437454267,0.379215462,-0.250415137
0.436212567,0.375619088,-0.257412509
0.434970868,0.371573166,-0.264876372
0.433480828,0.367302472,-0.272573481
0.431742449,0.362807003,-0.28027059
0.42950739,0.358086762,-0.287734453
0.424043912,0.353591294,-0.295198316
0.412868616,0.348871052,-0.303595162
0.397968221,0.344375584,-0.313158237
0.380832767,0.340104889,-0.323654294
0.362952294,0.336058968,-0.334616843
0.34656186,0.332462593,-0.345812638
0.332406485,0.329315765,-0.356775187
0.31825111,0.326843258,-0.36750449
0.303599056,0.325269844,-0.377534057
0.287953641,0.323471657,-0.386397394
0.272059887,0.320999149,-0.393861257
0.255669453,0.318301868,-0.3996924
0.239030679,0.315379814,-0.403424332
0.222143565,0.312457759,-0.405057052
0.205504791,0.309310932,-0.403191086
0.189114357,0.305939331,-0.398759417
0.172972263,0.302567729,-0.394094503
0.157575189,0.298971355,-0.389196343
0.142674794,0.295150207,-0.383598445
0.12876776,0.291104285,-0.378000548
0.115605744,0.287058364,-0.371702913
0.103685429,0.282787669,-0.365405279
0.093006813,0.278292201,-0.358641153
0.083818236,0.273571959,-0.351410535
0.076119699,0.268626944,-0.344179918
0.070159541,0.263681929,-0.336716055
0.066186102,0.258287367,-0.3287857
0.064199383,0.252892806,-0.320388854
0.064447723,0.247048697,-0.31082578
0.067427802,0.240979815,-0.300096476
0.0723946,0.233112746,-0.287967699
0.079348118,0.223447489,-0.273972955
0.087791674,0.212208818,-0.257645755
0.097228591,0.199846281,-0.239685834
0.107162187,0.186809423,-0.220326439
0.117095784,0.173098245,-0.199567569
0.12702938,0.15893752,-0.177875717
0.137211316,0.145226342,-0.155484128
0.150621672,0.131739937,-0.132626047
0.166018746,0.118927853,-0.10953472
0.18265752,0.107014862,-0.086676639
0.199792974,0.096450512,-0.06428505
0.216431747,0.087684349,-0.042593197
0.232077162,0.080716373,-0.021834328
0.245239177,0.075996132,-0.002241687
0.255669453,0.07262453,0.015718233
0.262374631,0.069702476,0.032045434
0.26411301,0.067229969,0.046273423
0.249709295,0.065207008,0.058168955
0.218666807,0.063858367,0.067498784
0.179429101,0.063408821,0.073796419
0.139943055,0.063858367,0.077061859
0.108900567,0.065656555,0.078694579
0.081831517,0.068353836,0.080094053
0.053272427,0.071500663,0.081027036
0.023968318,0.074422718,0.081726773
-0.006329151,0.077344772,0.082193265
-0.03662662,0.080941147,0.082659756
-0.066924089,0.084762295,0.083126248
-0.096476538,0.089032989,0.083359493
-0.125035628,0.093303684,0.083592739
-0.152104678,0.097124832,0.083825985
-0.177187009,0.100496433,0.08405923
-0.20003428,0.102968941,0.084292476
-0.220398153,0.104092808,0.084525722
-0.237533607,0.103643261,0.084758968
-0.250943962,0.10094598,0.084992213
-0.260629218,0.096450512,0.084992213
-0.266092696,0.091505497,0.085458705
-0.266341036,0.086560482,0.08569195
-0.260629218,0.082289787,0.085925196
-0.250695622,0.078468639,0.086391688
-0.239023646,0.074872264,0.086858179
-0.22834503,0.07127589,0.087324671
-0.220149813,0.067679515,0.088490899
-0.211457916,0.064307914,0.094322042
-0.20226934,0.06071154,0.104351608
-0.193825783,0.057115165,0.116480386
-0.186623925,0.053294017,0.129075655
-0.181408787,0.049248096,0.143070398
-0.179422068,0.044977401,0.160797073
-0.184388866,0.040481933,0.181089451
-0.198544241,0.035761691,0.203247795
-0.217169734,0.030591903,0.226805613
-0.235795227,0.024523021,0.250596677
-0.250943962,0.015756858,0.274154495
-0.266589376,0.005642054,0.296546085
-0.28322815,-0.004697523,0.316838463
-0.300860284,-0.014138006,0.334331892
-0.318492417,-0.021555529,0.348326635
-0.336124551,-0.029197825,0.358122956
-0.352763325,-0.036840121,0.36278787
-0.367912059,-0.044482416,0.362321379
-0.381322414,-0.052349486,0.35952243
-0.39249771,-0.060216555,0.35625699
-0.400941267,-0.067858851,0.351825321
-0.405908065,-0.075501147,0.346227424
-0.406901425,-0.08291867,0.339230052
-0.403921346,-0.090336192,0.329200486
-0.398706208,-0.097304168,0.315672234
-0.39299439,-0.103822597,0.302610473
-0.388524272,-0.110116252,0.288848976
-0.387282572,-0.115960361,0.273454758
-0.39200103,-0.121354923,0.257360803
-0.401934627,-0.126075165,0.240800357
-0.415096642,-0.130345859,0.224706402
-0.429500357,-0.13371746,0.209312184
-0.445642451,-0.136639515,0.195783932
-0.467496363,-0.138662475,0.184588137
-0.493820393,-0.140011116,0.175958046
-0.522627823,-0.140685436,0.171059885
-0.552428612,-0.141134983,0.170360148
-0.581484381,-0.14158453,0.176657783
-0.607808411,-0.142034077,0.187853577
-0.630407343,-0.142708397,0.200215601
-0.647046117,-0.143382717,0.210944904
-0.655986354,-0.144057037,0.216542801
-0.653254615,-0.144506584,0.220741224
-0.624447185,-0.144731358,0.224706402
-0.577510943,-0.144506584,0.228671579
-0.524117862,-0.144057037,0.232170265
-0.469979762,-0.143607491,0.235202459
-0.398706208,-0.14293317,0.237768162
-0.314767319,-0.142034077,0.239634128
-0.225861631,-0.141134983,0.241033602
-0.139439343,-0.139561569,0.241500094
-0.06319899,-0.137763382,0.239634128
-0.004839112,-0.135515648,0.233336494
0.028190096,-0.13304314,0.223773419
0.031666855,-0.130345859,0.212111133
0.023719978,-0.127648578,0.199749109
0.009812943,-0.124951297,0.187620332
-0.007819191,-0.122254017,0.176891028
-0.027189704,-0.119556736,0.168260937
-0.046311877,-0.117309001,0.159630845
-0.062702311,-0.115286041,0.150301016
-0.074374286,-0.113487854,0.140737941
-0.083314523,-0.112363986,0.130941621
-0.09225476,-0.111689666,0.1211453
-0.100698317,-0.111464893,0.111582226
-0.108148514,-0.112363986,0.102019151
-0.114605352,-0.113712627,0.092922568
-0.11907547,-0.115735588,0.084525722
-0.121310529,-0.117983322,0.076595367
-0.120813849,-0.120231056,0.069597996
-0.117088751,-0.122928337,0.063533607
-0.111873613,-0.126075165,0.058402201
-0.107155154,-0.129671539,0.054670269
-0.104671755,-0.133942234,0.052104566
-0.105168435,-0.139786343,0.051171583
-0.107155154,-0.146979092,0.052104566
-0.110631913,-0.155745255,0.054903515
-0.115102031,-0.166534378,0.059101938
-0.120565509,-0.178672143,0.064000098
-0.128264047,-0.191709,0.06936475
-0.149372939,-0.205420178,0.077761596
-0.179422068,-0.21935613,0.086391688
-0.211209576,-0.233292081,0.094322042
-0.237036927,-0.246553713,0.102952134
-0.263112617,-0.25891625,0.112048717
-0.290430007,-0.269705374,0.1211453
-0.317002378,-0.278921084,0.130241884
-0.33910463,-0.286113833,0.138871975
-0.354501704,-0.290609301,0.14680233
-0.360461862,-0.291957941,0.154032947
-0.354501704,-0.290609301,0.159864091
-0.33761459,-0.286788153,0.164295759
-0.31079388,-0.281393591,0.167094708
-0.275529613,-0.274875162,0.167794445
-0.232815148,-0.266558546,0.167561199
-0.184140526,-0.255095102,0.166861462
-0.130250766,-0.241159151,0.166161725
-0.072635907,-0.224525918,0.165461988
-0.012537649,-0.205644952,0.165228742
0.048802309,-0.185190571,0.165228742
0.110390606,-0.162938004,0.165695234
0.171233884,-0.139561569,0.166394971
0.229593763,-0.115061267,0.167327954
0.284725223,-0.089886645,0.168494182
0.334889884,-0.06448725,0.169893657
0.379591068,-0.038863081,0.171293131
0.417090394,-0.013688459,0.173159097
0.446394504,0.011036616,0.175258308
0.467751736,0.034862597,0.17735752
0.484887189,0.057789485,0.180389714
0.499290904,0.079142959,0.188086823
0.51145956,0.098923019,0.200448846
0.522386516,0.116455345,0.216309556
0.533065132,0.131739937,0.234969214
0.543992088,0.144327248,0.255494837
0.556409083,0.154217278,0.27718669
0.570812798,0.160735707,0.298878542
0.588196592,0.163657762,0.319637411
0.609802164,0.162533895,0.338996806
0.666423663,0.15758888,0.355790498
0.740677296,0.150620904,0.36931875
0.775444883,0.144327248,0.378415334
0.789600258,0.140730874,0.382380511
0.800278874,0.138707913,0.381680774
0.808970771,0.136460179,0.378881825
0.818656028,0.134661992,0.374683402
0.830328003,0.132639031,0.370018488
0.842993339,0.130840844,0.365120327
0.855161994,0.12926743,0.360921904
0.86534393,0.127918789,0.356956727
0.872049108,0.126570149,0.35299155
0.874035827,0.125446282,0.349259618
0.870559069,0.124547188,0.345061195
0.861867172,0.123872868,0.341096018
0.849201836,0.123423321,0.336897595
0.832811402,0.123198548,0.332699172
0.813440889,0.125446282,0.328267503
0.791586977,0.13061607,0.32406908
0.767994686,0.136684952,0.319637411
0.743409035,0.142079514,0.314739251
0.718326704,0.144776795,0.309141354
0.693492713,0.146574982,0.301910736
0.664933624,0.148148396,0.291647924
0.621970819,0.148822717,0.279052655
0.573296197,0.139607007,0.265291158
0.528595013,0.123423321,0.251996151
0.498297545,0.116230572,0.240100619
0.489357308,0.107014862,0.230304299
0.487122249,0.096000965,0.22097447
0.484887189,0.083863201,0.211877887
0.48290047,0.070826343,0.203247795
0.480913751,0.057115165,0.194850949
0.478927032,0.042729667,0.186454103
0.476443633,0.027894622,0.178523748
0.472966874,0.012834803,0.170593394
0.466261696,-0.002449789,0.162896285
0.450367942,-0.017509607,0.155199176
0.426775651,-0.032344652,0.147502067
0.397471541,-0.046730151,0.140038204
0.364442333,-0.060666102,0.132807587
0.329426406,-0.073927733,0.125810215
0.294907159,-0.086065497,0.118812843
0.262622971,-0.097304168,0.112281963
0.234312221,-0.106969425,0.105517837
0.20823653,-0.115510814,0.098986957
0.18091914,-0.122703563,0.092456076
0.152608391,-0.128772445,0.085925196
0.123552621,-0.134616554,0.079394316
0.094000172,-0.140235889,0.07263019
0.064199383,-0.146079998,0.065866064
0.033901914,-0.15147456,0.058635447
0.004101125,-0.156869122,0.051404829
-0.025948004,-0.162488457,0.04370772
-0.055748793,-0.169456433,0.036010611
-0.084804562,-0.178896916,0.028779994
-0.113363652,-0.189461266,0.021782622
-0.140929382,-0.199126523,0.014552005
-0.167501752,-0.205869725,0.006854896
-0.192584083,-0.207667913,-0.001075459
-0.216424714,-0.20879178,-0.009472305
-0.238775306,-0.209690873,-0.017635905
-0.259139179,-0.210365193,-0.025333014
-0.277516332,-0.211039514,-0.032563631
-0.293906766,-0.21148906,-0.039094512
-0.307813801,-0.211938607,-0.044692409
-0.319237437,-0.212163381,-0.049124078
-0.327929334,-0.212163381,-0.051923026
-0.333889492,-0.209915647,-0.053322501
-0.33835961,-0.204071538,-0.052622764
-0.341836369,-0.195754922,-0.049357323
-0.344568108,-0.185640118,-0.044459163
-0.347051507,-0.174401448,-0.038861266
-0.349286566,-0.163162777,-0.033030123
-0.351273285,-0.152373654,-0.028131963
-0.353508344,-0.14293317,-0.024866522
-0.356240083,-0.134167007,-0.02393354
-0.359468502,-0.125176071,-0.023467048
-0.362945261,-0.116185134,-0.023000557
-0.367415379,-0.107418971,-0.022534065
-0.374368897,-0.098652808,-0.02230082
-0.380329055,-0.090336192,-0.022067574
-0.384550833,-0.082469123,-0.021834328
-0.388772611,-0.0750516,-0.021601082
-0.39324273,-0.068533171,-0.021601082
-0.397464508,-0.062913836,-0.023000557
-0.401686287,-0.057968821,-0.028131963
-0.405659725,-0.052574259,-0.035595826
-0.409136484,-0.047404471,-0.043992672
-0.412613243,-0.041785136,-0.052389518
-0.415593322,-0.036615347,-0.060319872
-0.418076721,-0.031445559,-0.069649701
-0.42006344,-0.026500544,-0.079679268
-0.42130514,-0.022229849,-0.089942079
-0.422050159,-0.018408701,-0.099971645
-0.41931842,-0.0150371,-0.10953472
-0.405163045,-0.012789366,-0.117931566
-0.388027592,-0.011215952,-0.125162184
-0.368905419,-0.010766405,-0.130526835
-0.346306487,-0.010766405,-0.135424995
-0.321969176,-0.010766405,-0.140556401
-0.297383525,-0.010991178,-0.14662079
-0.273791233,-0.011890272,-0.154551145
-0.252682341,-0.013238912,-0.164347465
-0.235795227,-0.0150371,-0.17554326
-0.224371592,-0.017509607,-0.187438792
-0.217418074,-0.020206888,-0.200500552
-0.212451276,-0.023353716,-0.214728541
-0.208477837,-0.026725317,-0.229889513
-0.204007719,-0.030321692,-0.245283731
-0.198047561,-0.03414284,-0.260911195
-0.189107324,-0.037963988,-0.276072167
-0.176193649,-0.042009909,-0.290533402
-0.161541594,-0.045831057,-0.304061654
-0.14614452,-0.049876978,-0.317823151
-0.131492465,-0.053473353,-0.331584649
-0.116840411,-0.057294501,-0.345112901
-0.100449977,-0.062239516,-0.358641153
-0.079589424,-0.066510211,-0.372169405
-0.056742153,-0.069207492,-0.385697657
-0.034143221,-0.072129546,-0.398992663
-0.015021048,-0.0750516,-0.412287669
-0.002107373,-0.077748881,-0.425582676
0.003356105,-0.080446162,-0.438644436
0.005591164,-0.083143443,-0.451706197
0.008819583,-0.085391177,-0.464534711
0.014531401,-0.087638911,-0.477363226
0.022229938,-0.089661872,-0.489958495
0.031418515,-0.091460059,-0.502320519
0.042097131,-0.0928087,-0.514682542
0.054017447,-0.093707793,-0.52681132
0.066931122,-0.094382114,-0.538940097
0.080589817,-0.094606887,-0.550835629
0.094745192,-0.09348302,-0.56226467
0.108900567,-0.092359153,-0.573926956
0.12827108,-0.091909606,-0.58512275
0.15409843,-0.09213438,-0.595852054
0.175952342,-0.092359153,-0.603082671
0.183650879,-0.092583926,-0.60914706
0.177690722,-0.093033473,-0.614978203
0.164032027,-0.09348302,-0.6205761
0.145406533,-0.09415734,-0.626173998
0.124794321,-0.094606887,-0.631305404
0.104927128,-0.095505981,-0.636203564
0.088040014,-0.096180301,-0.640635233
0.070656221,-0.096854621,-0.645066901
0.051782388,-0.098877582,-0.648798833
0.031915195,-0.102473956,-0.652297519
0.011054642,-0.106519878,-0.655096468
-0.01030259,-0.110116252,-0.657662171
-0.031659822,-0.112139213,-0.659528136
-0.052768714,-0.11326308,-0.661160856
-0.073132587,-0.114386947,-0.661627348
-0.0925031,-0.115286041,-0.659994628
-0.110631913,-0.116185134,-0.654863222
-0.127022347,-0.117084228,-0.647399359
-0.141177722,-0.117758548,-0.637603038
-0.152849698,-0.118432869,-0.625940752
-0.162038274,-0.118882415,-0.613112237
-0.167750092,-0.119331962,-0.59935074
-0.169985151,-0.119556736,-0.585355996
-0.168246772,-0.119781509,-0.571361253
-0.164024994,-0.119556736,-0.557833001
-0.160051555,-0.118657642,-0.545470977
-0.155333097,-0.117533775,-0.534275183
-0.150366299,-0.116409908,-0.524245617
-0.14589618,-0.115286041,-0.514682542
-0.142667761,-0.114162174,-0.505352713
-0.141922742,-0.113038307,-0.496489376
-0.152353018,-0.111464893,-0.487626038
-0.167501752,-0.109666706,-0.478762701
-0.175696969,-0.107643745,-0.469432872
-0.182153807,-0.104272144,-0.460103043
-0.188610645,-0.097978488,-0.450073477
-0.194322462,-0.089437099,-0.439577419
-0.199537601,-0.079322295,-0.428148379
-0.203759379,-0.067858851,-0.415786355
-0.206987798,-0.056170634,-0.402491349
-0.208726177,-0.044482416,-0.387796868
-0.208726177,-0.033243746,-0.367970982
-0.204504399,-0.021780302,-0.332750878
-0.196557522,-0.009417764,-0.301495951
-0.185630566,0.002944773,-0.271174007
-0.17296523,0.016206404,-0.241318554
-0.159306535,0.029692809,-0.211463101
-0.1453995,0.043403987,-0.181840894
-0.132485825,0.057339938,-0.152218688
-0.11932381,0.07127589,-0.122129989
-0.102685036,0.085211841,-0.091808045
-0.085052902,0.098923019,-0.060786364
-0.068910808,0.112634197,-0.029064946
-0.056742153,0.125671055,0.003822702
-0.051278675,0.138707913,0.037643331
-0.053265394,0.150845677,0.075195893
-0.059970572,0.162758668,0.110415997
-0.069904168,0.173772565,0.142837153
-0.081327804,0.184112142,0.168960674
-0.0925031,0.194002172,0.187387086
-0.102933376,0.203217882,0.202314812
-0.115598711,0.211759272,0.215376573
-0.129009066,0.219401567,0.228205088
-0.140929382,0.226594317,0.241966585
-0.149621279,0.233112746,0.256661066
-0.153843057,0.239406401,0.271355546
-0.156078116,0.24525051,0.286516518
-0.157816496,0.251319392,0.301677491
-0.159554875,0.257613047,0.316371971
-0.161789934,0.26435625,0.330833206
-0.166260053,0.272897639,0.344594704
-0.176441989,0.277842654,0.357423218
-0.189355664,0.278966521,0.36931875
-0.20102764,0.280090388,0.379814808
-0.207732818,0.280989482,0.388911391
-0.209471197,0.281663802,0.396375254
-0.210961236,0.282338122,0.401273414
-0.212202936,0.282562896,0.404538855
-0.212947956,0.282787669,0.408737278
-0.213444636,0.282338122,0.413868684
-0.213692975,0.276044467,0.419699827
-0.203262699,0.267503077,0.425764215
-0.180415428,0.259636008,0.432528341
-0.154091397,0.251319392,0.439525713
-0.11957215,0.243002776,0.446989576
-0.079341084,0.234236613,0.457485634
-0.035384921,0.225245676,0.467748446
0.009812943,0.21625474,0.470080903
0.054017447,0.20703903,0.471480377
0.095490212,0.197598547,0.472646606
0.131499499,0.188158063,0.473812835
0.160306928,0.178492807,0.474745817
0.179180761,0.16882755,0.475445555
0.185885939,0.159387067,0.476145292
0.185637599,0.14972181,0.476611783
0.184892579,0.140056554,0.476845029
0.184147559,0.13061607,0.477078275
0.18340254,0.121175587,0.476378537
0.18340254,0.111959877,0.47404608
0.184147559,0.102519394,0.471013886
0.186382618,0.092854137,0.467048709
0.189611037,0.084537521,0.462850285
0.194081156,0.077569545,0.458418617
0.199047954,0.070376796,0.454686685
0.204759772,0.063408821,0.450954754
0.211216609,0.056665618,0.446989576
0.217921787,0.05082151,0.442557908
0.225123644,0.046101268,0.437892993
0.232325502,0.042729667,0.433461324
0.239775699,0.041381026,0.429262901
0.246977556,0.0416058,0.425764215
0.254427754,0.042504893,0.423198512
0.26361633,0.043853534,0.421799038
0.274543286,0.044977401,0.421565792
0.286215262,0.046101268,0.421565792
0.297638898,0.046326041,0.421565792
0.308317514,0.046101268,0.421565792
0.31998949,0.045651721,0.421565792
0.332654825,0.044752627,0.421565792
0.34581684,0.043853534,0.420166318
0.359227195,0.042504893,0.417367369
0.372389211,0.04093148,0.413168946
0.385054546,0.039358066,0.408504032
0.396229842,0.037335105,0.40313938
0.405915098,0.033289184,0.397774729
0.413365296,0.027894622,0.391243848
0.418332094,0.021600966,0.383779985
0.420318813,0.014408217,0.375616385
0.417835414,0.006990695,0.366519802
0.409640197,-0.000202055,0.356956727
0.397223201,-0.006945257,0.346927161
0.381577787,-0.014362779,0.336431103
0.364690673,-0.022454622,0.325935046
0.34755522,-0.030546465,0.315438988
0.331413125,-0.038638308,0.304942931
0.31775443,-0.046505377,0.294913365
0.306082455,-0.053698126,0.285117044
0.293665459,-0.060890875,0.275787215
0.280751784,-0.067858851,0.266457386
0.267589769,-0.074602053,0.25642782
0.253931074,-0.080670936,0.246165008
0.240272379,-0.086065497,0.235435705
0.226862024,-0.091010512,0.224939647
0.213700008,-0.095505981,0.21444359
0.200786333,-0.099776675,0.20464727
0.188617678,-0.103597823,0.195084195
0.177194042,-0.107418971,0.186687349
0.166515426,-0.111240119,0.17899024
0.157078509,-0.114836494,0.172925851
0.148883292,-0.118657642,0.168027691
0.141929775,-0.122703563,0.164762251
0.136714637,-0.126075165,0.162429794
0.132989538,-0.128322899,0.160563828
0.131251159,-0.128772445,0.159164353
0.135969617,-0.128322899,0.157764879
0.158320209,-0.127423805,0.15659865
0.189611037,-0.126075165,0.155432422
0.218666807,-0.124501751,0.154266193
0.235553921,-0.122703563,0.153099965
0.247722576,-0.120455829,0.152400227
0.259394552,-0.117983322,0.151467245
0.270073168,-0.115510814,0.150534262
0.279261745,-0.111464893,0.149601279
0.286711942,-0.105620784,0.147968559
0.29192708,-0.098428035,0.145402856
0.294410479,-0.090560966,0.135606535
0.294162139,-0.082469123,0.122544775
0.29192708,-0.07437728,0.109483014
0.287953641,-0.064936797,0.095021779
0.282986843,-0.055496314,0.079394316
0.277026685,-0.04538151,0.063067115
0.26460969,-0.03414284,0.045806932
0.245487517,-0.022229849,0.027847011
0.226117004,-0.009867311,0.009420599
0.203518072,0.002495226,-0.008772568
0.195322855,0.015532084,-0.027432225
0.190356057,0.028119395,-0.046091883
0.185885939,0.040706706,-0.06428505
0.18240918,0.052619697,-0.082011725
0.179180761,0.063858367,-0.099271908
0.176449022,0.074197944,-0.115599109
0.173717283,0.083413654,-0.130993327
0.170985544,0.091280723,-0.145221316
0.168005465,0.097574379,-0.158283076
0.164528706,0.102294621,-0.169712117
0.160555268,0.104991902,-0.179508437
0.15583681,0.105441448,-0.187438792
0.150373332,0.105216675,-0.193503181
0.144413174,0.104542355,-0.198867832
0.137956336,0.103643261,-0.203066255
0.131002819,0.102744167,-0.20609845
0.123552621,0.1016203,-0.207264678
0.115854084,0.10027166,-0.207031433
0.107907207,0.098923019,-0.20609845
0.09996033,0.097124832,-0.204698975
0.091765113,0.095101871,-0.203066255
0.083818236,0.092854137,-0.200967044
0.075871359,0.09038163,-0.198867832
0.067924482,0.087684349,-0.196768621
0.060474284,0.084987068,-0.194902655
0.053272427,0.082289787,-0.193269935
0.04631891,0.079592506,-0.192103706
0.039117052,0.076670452,-0.191403969
0.031666855,0.074197944,-0.191170723
0.024216658,0.071725437,-0.191170723
0.0170148,0.069477703,-0.191170723
0.010806303,0.067454742,-0.191170723
0.006087844,0.065656555,-0.191170723
0.003356105,0.064307914,-0.191170723
0.002114406,0.063184047,-0.191170723
0.001369386,0.062509727,-0.190937478
-0.000617333,0.0627345,-0.190470986
-0.013531009,0.066780422,-0.190004495
-0.034888241,0.074197944,-0.189538003
-0.056990493,0.082964107,-0.188838266
-0.072635907,0.090606403,-0.186272563
-0.087039622,0.096225738,-0.179041946
-0.101940016,0.100496433,-0.171344837
-0.116095391,0.100721207,-0.164347465
-0.129009066,0.100721207,-0.157116848
-0.139191003,0.100721207,-0.149186493
-0.14589618,0.099822113,-0.140323156
-0.148379579,0.098248699,-0.130526835
-0.14639286,0.096450512,-0.120030778
-0.143412781,0.093978004,-0.108834983
-0.141922742,0.090606403,-0.097405943
-0.141426062,0.086110935,-0.085510411
-0.140432702,0.080941147,-0.073614879
-0.138694323,0.074872264,-0.061952593
-0.134472544,0.067904289,-0.050290306
-0.128264047,0.060486766,-0.039327757
-0.121062189,0.052619697,-0.0288317
-0.113363652,0.044078307,-0.019268625
-0.105416775,0.035536918,-0.010638533
-0.095731519,0.026545981,-0.00317467
-0.084804562,0.017330271,0.003122964
-0.072635907,0.008339335,0.007787879
-0.059722232,-0.000876375,0.010586828
-0.046311877,-0.009642538,0.012452793
-0.032404842,-0.018183927,0.013852268
-0.018497807,-0.026725317,0.015018496
-0.004839112,-0.034592386,0.015951479
0.008322903,-0.042009909,0.017117708
0.020988239,-0.048977885,0.018517182
0.032411875,-0.055046767,0.020616394
0.042345471,-0.060441329,0.023182097
0.051285708,-0.064712023,0.026914028
0.057990885,-0.068308398,0.031112451
0.062957684,-0.070556132,0.036243857
0.065441083,-0.071904773,0.042075
0.064944403,-0.070556132,0.048372635
0.059729265,-0.063588156,0.055603252
0.054762467,-0.058193595,0.063067115
0.051037368,-0.0539229,0.071463961
0.047560609,-0.049876978,0.082893002
0.04482887,-0.04605583,0.097587482
0.043587171,-0.042909003,0.114381174
0.04532555,-0.040436495,0.132807587
0.050044008,-0.039087855,0.15170049
0.056252506,-0.039087855,0.171759622
0.065192743,-0.041785136,0.197649898
0.076119699,-0.046505377,0.227738596
0.088536694,-0.051899939,0.258527032
0.101450369,-0.057069727,0.28698301
0.113867365,-0.061115649,0.310074337
0.124794321,-0.065386344,0.324302326
0.133982898,-0.069881812,0.327567766
0.139943055,-0.074826827,0.327567766
0.142178115,-0.079771842,0.327567766
0.140936415,-0.084716857,0.327567766
0.137459656,-0.089661872,0.327801012
0.133237878,-0.094606887,0.32733452
0.129761119,-0.099327129,0.3257018
0.12827108,-0.103597823,0.323602589
0.131747838,-0.107643745,0.32080364
0.140688075,-0.111240119,0.317771445
0.152111711,-0.114386947,0.315205742
0.168998825,-0.116859455,0.313106531
0.184644239,-0.118657642,0.311940302
0.184395899,-0.119781509,0.31264004
0.183650879,-0.120006282,0.316838463
0.18240918,-0.118657642,0.324302326
0.180670801,-0.117533775,0.333632155
0.178435741,-0.117758548,0.344128212
0.175952342,-0.118657642,0.354857515
0.172723923,-0.119781509,0.364653836
0.169247165,-0.121354923,0.372817436
0.149628312,-0.122928337,0.380281299
0.086053295,-0.124951297,0.388211654
0.025458357,-0.127648578,0.394742534
-0.006825831,-0.131469726,0.398707712
-0.038613339,-0.134616554,0.398707712
-0.070400848,-0.137763382,0.394276043
-0.101443336,-0.141134983,0.387278671
-0.131740805,-0.144731358,0.379348316
-0.160796575,-0.148327732,0.372117699
-0.188113965,-0.151924107,0.365820064
-0.213444636,-0.155520481,0.358822693
-0.236291907,-0.158892082,0.352525058
-0.25640744,-0.16203891,0.349259618
-0.273294554,-0.164960965,0.349959355
-0.286456569,-0.167433472,0.352525058
-0.295645145,-0.169681206,0.354391024
-0.300611944,-0.171479393,0.354391024
-0.300611944,-0.17260326,0.354391024
-0.295645145,-0.173277581,0.354391024
-0.28397317,-0.172378487,0.354391024
-0.2561591,-0.164286644,0.349026372
-0.215183015,-0.151249786,0.333165663
-0.164273333,-0.136414741,0.309141354
-0.107155154,-0.12315311,0.27881941
-0.047305236,-0.1139374,0.243832551
0.011551322,-0.105396011,0.206046744
0.065689423,-0.096629848,0.167327954
0.111880646,-0.088313232,0.129775392
0.146648233,-0.080446162,0.095021779
0.166018746,-0.07370296,0.060034921
0.169247165,-0.068533171,0.033678154
0.170240524,-0.064936797,0.008954107
0.170985544,-0.06381293,-0.014603711
0.171233884,-0.06381293,-0.037461792
0.171482224,-0.06381293,-0.05938689
0.171730564,-0.064262477,-0.08061225
0.171730564,-0.066060664,-0.101137874
0.171730564,-0.068982718,-0.120730515
0.168502145,-0.072579093,-0.14008991
0.158071869,-0.076400241,-0.158516322
0.143668154,-0.080221389,-0.176709489
0.12827108,-0.085166404,-0.194436164
0.115605744,-0.090560966,-0.211463101
0.105175468,-0.095730754,-0.227557056
0.094496852,-0.101350089,-0.242251537
0.084066576,-0.108992385,-0.255313297
0.074381319,-0.118657642,-0.266509092
0.065441083,-0.130345859,-0.276771904
0.057742545,-0.143382717,-0.286568224
0.051534048,-0.157543442,-0.295664808
0.04656725,-0.172378487,-0.304528145
0.042097131,-0.187438306,-0.312924991
0.038123693,-0.202498124,-0.321321837
0.034646934,-0.216883622,-0.329718683
0.031418515,-0.2305948,-0.337882284
0.027941756,-0.242957338,-0.346045884
0.023968318,-0.253521688,-0.353976238
0.019498199,-0.262287851,-0.361440102
0.014283061,-0.268356733,-0.368903965
0.008074564,-0.271728335,-0.376601074
0.000127686,-0.272177881,-0.384064937
-0.01005425,-0.270379694,-0.391995291
-0.021726226,-0.267232866,-0.400625383
-0.034888241,-0.263186945,-0.410188458
-0.049291955,-0.258691477,-0.419984778
-0.06419235,-0.253746462,-0.429781099
-0.079837764,-0.247452806,-0.439110928
-0.095483179,-0.239585737,-0.447741019
-0.111128593,-0.230819574,-0.455438128
-0.127022347,-0.221154317,-0.461735763
-0.144157801,-0.21081474,-0.466167431
-0.163031634,-0.199800843,-0.468499889
-0.184637206,-0.188337399,-0.470132609
-0.209719537,-0.176873955,-0.471765329
-0.239271986,-0.165635285,-0.473398049
-0.288194948,-0.154396614,-0.474797523
-0.357481783,-0.143607491,-0.476196998
-0.438937273,-0.133492687,-0.477363226
-0.525607902,-0.124276977,-0.478296209
-0.609795131,-0.115960361,-0.479229192
-0.683552084,-0.108767612,-0.479928929
-0.739428563,-0.103148277,-0.480395421
-0.769974372,-0.099102355,-0.480861912
-0.769974372,-0.096854621,-0.481095158
-0.751100539,-0.096629848,-0.480861912
-0.72080307,-0.099102355,-0.478062963
-0.685538803,-0.104272144,-0.473164803
-0.651019556,-0.111015346,-0.466400677
-0.61227853,-0.119331962,-0.458237077
-0.566832326,-0.128322899,-0.449373739
-0.517164345,-0.137313835,-0.440277156
-0.464267944,-0.146079998,-0.431413819
-0.410626524,-0.153722294,-0.423483464
-0.357481783,-0.159791176,-0.415786355
-0.306820441,-0.163837097,-0.405290298
-0.260380878,-0.164960965,-0.388963097
-0.219901473,-0.164960965,-0.366571508
-0.187368945,-0.164960965,-0.339515004
-0.164024994,-0.164960965,-0.308959814
-0.151111318,-0.164960965,-0.275605675
-0.142916101,-0.164960965,-0.240852063
-0.133230845,-0.164960965,-0.205631958
-0.122800569,-0.164960965,-0.170878345
-0.112370292,-0.164960965,-0.137757453
-0.101691676,-0.164960965,-0.107668754
-0.09076472,-0.164960965,-0.077580056
-0.079837764,-0.164960965,-0.048657586
-0.068414128,-0.164960965,-0.024166785
-0.056990493,-0.164736191,-0.003641162
-0.044821837,-0.163387551,0.015718233
-0.032156502,-0.16069027,0.034611137
-0.019987846,-0.157093895,0.052571058
-0.007074171,-0.153047974,0.069831241
0.006336184,-0.149002052,0.086624933
0.019746539,-0.145180904,0.102718888
0.032660215,-0.14225885,0.118346352
0.04507721,-0.140235889,0.13374057
0.056252506,-0.138437702,0.148901542
0.066434442,-0.135290874,0.163829268
0.074629659,-0.130121086,0.178057257
0.081583177,-0.123602657,0.190652526
0.086053295,-0.115286041,0.203714287
0.086549975,-0.106070331,0.218175521
0.086549975,-0.095730754,0.233336494
0.07388464,-0.084716857,0.248730711
0.047560609,-0.07302864,0.263425192
0.019746539,-0.061340422,0.276720198
-0.005335792,-0.049427432,0.287682747
-0.033149861,-0.033918066,0.295379856
-0.06344733,-0.01706006,0.299578279
-0.095731519,-0.000202055,0.299578279
-0.129009066,0.017779818,0.298178805
-0.163031634,0.035536918,0.296312839
-0.197550881,0.05284447,0.293980382
-0.231325109,0.068803382,0.292114416
-0.264354317,0.083188881,0.290714942
-0.295645145,0.095326645,0.288848976
-0.324949255,0.104767128,0.287216256
-0.351521625,0.112409424,0.285816781
-0.374865577,0.119602173,0.284650553
-0.394484429,0.127244469,0.284184061
-0.409633164,0.136235406,0.284417307
-0.42006344,0.146350209,0.285583536
-0.424781898,0.157139333,0.287216256
-0.418573401,0.169052324,0.28861573
-0.39224937,0.181864408,0.289315467
-0.355246724,0.197149,0.28861573
-0.318244077,0.215805193,0.286516518
-0.286953249,0.23536048,0.283251078
-0.252930681,0.254690993,0.27881941
-0.216673054,0.276494014,0.273921249
-0.178677048,0.298746581,0.268323352
-0.139936022,0.319875282,0.262492209
-0.101194997,0.338081928,0.255261592
-0.06344733,0.351343559,0.245931763
-0.026941364,0.359210629,0.234969214
0.006832864,0.365504284,0.22260719
0.037627013,0.370449299,0.209312184
0.064447723,0.3738209,0.195550686
0.086301635,0.375394314,0.181555943
0.102940409,0.376293408,0.167561199
0.112874005,0.376742955,0.154266193
0.118585823,0.377417275,0.14190417
0.122310922,0.377642048,0.130475129
0.125291001,0.377866822,0.119046089
0.12827108,0.377417275,0.107150557
0.131747838,0.376068635,0.094555288
0.136466297,0.374495221,0.081493527
0.141184755,0.372697033,0.068431767
0.146399893,0.370224526,0.055370006
0.151366691,0.367527245,0.042075
0.156830169,0.36393087,0.029246485
0.162541987,0.359660176,0.016651216
0.168750485,0.354490387,0.004755684
0.175207323,0.348871052,-0.00644011
0.1819125,0.342577396,-0.017169414
0.189114357,0.335834194,-0.026732488
0.197061235,0.328641445,-0.03536258
0.20898155,0.320999149,-0.042593197
0.221150206,0.31313208,-0.048657586
0.230587122,0.305040237,-0.053089255
0.240520719,0.296723621,-0.055654958
0.250702655,0.288182231,-0.056587941
0.260387911,0.279640841,-0.055654958
0.269328148,0.271099452,-0.053089255
0.277026685,0.262558062,-0.049357323
0.282986843,0.25446622,-0.043292935
0.286711942,0.246374377,-0.035129334
0.287953641,0.238507307,-0.02556626
0.285470242,0.231089785,-0.014603711
0.280503444,0.224121809,-0.002941424
0.271811547,0.21760338,0.008954107
0.256662813,0.211759272,0.020849639
0.23828566,0.20636471,0.03227868
0.218915147,0.201644468,0.042774737
0.198302934,0.19782332,0.054203778
0.175455662,0.194451719,0.067032293
0.150373332,0.192428758,0.080327299
0.123552621,0.192203985,0.093389059
0.094993532,0.192203985,0.105051346
0.065192743,0.192203985,0.11461442
0.034398594,0.192878305,0.120912055
0.003356105,0.194226945,0.123244512
-0.028431403,0.195350813,0.1211453
-0.060467251,0.19647468,0.115547403
